Workbook
Name Bwijan: 'Baltimore January'!$A$1:$A$69
Name Bwijul: 'Baltimore July'!$A$1:$A$67

Sheet Model
A1: 1 | C1: 13 | D1: <= T0 | R1: 12 | S1: My original guesses
C2: 12.5 | D2: <= Ty | R2: 10
C3: 0.8 | D3: <= dT | F3: T(t) = T0+Ty*sin(2*pi/365*t+a)+(dT*sin(2*pi/365*t+b)+(Td-dT))*sin(2*pi*t+c) | R3: 1
C4: 6 | D4: <= Td | R4: 3
C5: -1.95 | D5: <= a | I5: Winter min | J5: =+'Baltimore January'!E5 -> -4.4444444 | L5: =+'Baltimore January'!C3 -> 40930 | R5: -1.95
C6: =1.3+PI() -> 4.4415927 | D6: <= b | I6: Winter max | J6: =+'Baltimore January'!E4 -> 5 | R6: 1.3
C7: -2.4 | D7: <= c | I7: Summer min | J7: =+'Baltimore July'!E5 -> 19.444444 | L7: =+'Baltimore July'!C3 -> 41110 | R7: 1
C8: =2*PI()/365 -> 0.017214206 | D8: 2*pi/365 | I8: Summer max | J8: =+'Baltimore July'!E4 -> 31.111111
A9: Hour starting from first of year | B9: Fractional day starting from first of year | C9: Expected temperature
A10: 0 | B10: =+$A10/24 -> 0 | C10: =+$C$1+$C$2*SIN($C$8*$B10+$C$5)+($C$3*SIN($C$8*$B10+$C$6)+($C$4-$C$3))*SIN(2*PI()*$B10+$C$7) -> -1.6037265
A11: =+$A10+$A$1 -> 1 | B11: =+$A11/24 -> 0.041666667 | C11: =+$C$1+$C$2*SIN($C$8*$B11+$C$5)+($C$3*SIN($C$8*$B11+$C$6)+($C$4-$C$3))*SIN(2*PI()*$B11+$C$7) -> -2.3502832
A12: =+$A11+$A$1 -> 2 | B12: =+$A12/24 -> 0.083333333 | C12: =+$C$1+$C$2*SIN($C$8*$B12+$C$5)+($C$3*SIN($C$8*$B12+$C$6)+($C$4-$C$3))*SIN(2*PI()*$B12+$C$7) -> -2.8422596
A13: =+$A12+$A$1 -> 3 | B13: =+$A13/24 -> 0.125 | C13: =+$C$1+$C$2*SIN($C$8*$B13+$C$5)+($C$3*SIN($C$8*$B13+$C$6)+($C$4-$C$3))*SIN(2*PI()*$B13+$C$7) -> -3.0463727
A14: =+$A13+$A$1 -> 4 | B14: =+$A14/24 -> 0.16666667 | C14: =+$C$1+$C$2*SIN($C$8*$B14+$C$5)+($C$3*SIN($C$8*$B14+$C$6)+($C$4-$C$3))*SIN(2*PI()*$B14+$C$7) -> -2.948958
A15: =+$A14+$A$1 -> 5 | B15: =+$A15/24 -> 0.20833333 | C15: =+$C$1+$C$2*SIN($C$8*$B15+$C$5)+($C$3*SIN($C$8*$B15+$C$6)+($C$4-$C$3))*SIN(2*PI()*$B15+$C$7) -> -2.5568994
A16: =+$A15+$A$1 -> 6 | B16: =+$A16/24 -> 0.25 | C16: =+$C$1+$C$2*SIN($C$8*$B16+$C$5)+($C$3*SIN($C$8*$B16+$C$6)+($C$4-$C$3))*SIN(2*PI()*$B16+$C$7) -> -1.8971586
A17: =+$A16+$A$1 -> 7 | B17: =+$A17/24 -> 0.29166667 | C17: =+$C$1+$C$2*SIN($C$8*$B17+$C$5)+($C$3*SIN($C$8*$B17+$C$6)+($C$4-$C$3))*SIN(2*PI()*$B17+$C$7) -> -1.0149363
A18: =+$A17+$A$1 -> 8 | B18: =+$A18/24 -> 0.33333333 | C18: =+$C$1+$C$2*SIN($C$8*$B18+$C$5)+($C$3*SIN($C$8*$B18+$C$6)+($C$4-$C$3))*SIN(2*PI()*$B18+$C$7) -> 0.029409123
A19: =+$A18+$A$1 -> 9 | B19: =+$A19/24 -> 0.375 | C19: =+$C$1+$C$2*SIN($C$8*$B19+$C$5)+($C$3*SIN($C$8*$B19+$C$6)+($C$4-$C$3))*SIN(2*PI()*$B19+$C$7) -> 1.1644757
A20: =+$A19+$A$1 -> 10 | B20: =+$A20/24 -> 0.41666667 | C20: =+$C$1+$C$2*SIN($C$8*$B20+$C$5)+($C$3*SIN($C$8*$B20+$C$6)+($C$4-$C$3))*SIN(2*PI()*$B20+$C$7) -> 2.3126847
A21: =+$A20+$A$1 -> 11 | B21: =+$A21/24 -> 0.45833333 | C21: =+$C$1+$C$2*SIN($C$8*$B21+$C$5)+($C$3*SIN($C$8*$B21+$C$6)+($C$4-$C$3))*SIN(2*PI()*$B21+$C$7) -> 3.3955673
A22: =+$A21+$A$1 -> 12 | B22: =+$A22/24 -> 0.5 | C22: =+$C$1+$C$2*SIN($C$8*$B22+$C$5)+($C$3*SIN($C$8*$B22+$C$6)+($C$4-$C$3))*SIN(2*PI()*$B22+$C$7) -> 4.3391121
... A8760: =+$A8759+$A$1 -> 8750 | B8760: =+$A8760/24 -> 364.58333 | C8760: =+$C$1+$C$2*SIN($C$8*$B8760+$C$5)+($C$3*SIN($C$8*$B8760+$C$6)+($C$4-$C$3))*SIN(2*PI()*$B8760+$C$7) -> 5.6469033

Sheet Baltimore January
C1: http://www.erh.noaa.gov/lwx/climate/bwi/Bwijul.txt
A3: DAILY NORMALS AND RECORDS FOR THE MONTH OF JANUARY FOR BALTIMORE MD | C3: 40930 | D3: F | E3: C
C4: NMX | D4: 41 | E4: =+($D4-32)*5/9 -> 5
A5: DAILY TEMP NORMALS AND EXTREMES GREATEST PRECIP FOR CALENDAR DAY | C5: NMN | D5: 24 | E5: =+($D5-32)*5/9 -> -4.4444444
A7: DY NMX NMN NPCP NS RMX /YEAR LOMX/YEAR RMN /YEAR HIMN/YEAR MXPCP YEAR MXSN YEAR
A8: 01 42 25 0.09 0.2 67 /2005 17 /1918 -6 /1881 50 /1876 2.77 1948 4.3 1947
A9: 02 42 25 0.10 0.1 71 /1876 13 /1918 0 /1968 46 /1930 2.42 1925 7.9 1925
A10: 03 42 25 0.09 0.1 68 /2000 13 /1879 0 /1879 56 /2000 3.22*1944 1.6 1988
A11: 04 42 25 0.10 0.2 70 /2000+ 21 /1981+ 4 /1918 61*/1950 1.90 1886 1.8 1980
A12: 05 42 25 0.10 0.1 69 /1997 18 /1896 1 /1877 54 /1950 1.82 1949 2.8 2003+
A13: 06 41 25 0.10 0.2 72 /1950 16 /1912 5 /1904 56 /2007 2.34 1905 3.4 1989
A14: 07 41 25 0.09 0.2 74 /1907 22 /1996+ 8 /1988 57 /1946 2.51 1996 15.8 1996
A15: 08 41 24 0.10 0.1 70 /2008 17 /1970+ 4 /1970 58 /1998 1.51 1884 6.7 1996
A16: 09 41 24 0.09 0.2 75 /1937 10 /1970 2 /1970 50 /1930 1.64 1879 4.1 1996
A17: 10 41 24 0.10 0.2 70 /1950 13 /1982 -2 /1875 52 /1950+ 1.01 1895 5.0 1965
A18: 11 41 24 0.10 0.2 73 /1975 14 /1886 1 /1982 48 /1975 2.06 1922 3.8 1954
... A40: * EXTREME EVENT FOR THE MONTH
A41: =+ EVENT ALSO OCCURRED IN PREVIOUS YEARS -> #NAME?
A43: MONTHLY PRECIPITATION EXTREMES: WETTEST.. 7.84" 1979
A44: DRIEST....0.29" 1955
A45: SNOWIEST..32.6" 1996
A48: NORMALS BASED ON PERIOD 1981-2010
A50: MONTHLY NORMALS: MAX 41.4 MIN 24.4 AVG 32.9 PCP 3.05" SNW 6.8"
A52: KEY...
A53: DY=DAY OF MONTH
A54: NMX=NORMAL DAILY MAX(F)
A55: NMN=NORMAL DAILY MIN(F)
A56: NPCP=NORMAL DAILY PRECIP (IN)
A57: RMX=DAILY RECORD HIGH MAX(F)
A58: LOMX=DAILY RECORD LOWEST MAX(F)
... A68: Last updated: Mon Aug 1 19:10:38 GMT 2011

Sheet Baltimore July
C1: http://www.erh.noaa.gov/lwx/climate/bwi/Bwijan.txt
A3: DAILY NORMALS AND RECORDS FOR THE MONTH OF JULY FOR BALTIMORE MD | C3: 41110 | D3: F | E3: C
C4: NMX | D4: 88 | E4: =+($D4-32)*5/9 -> 31.111111
A5: DAILY TEMP NORMALS AND EXTREMES GREATEST PRECIP FOR CALENDAR DAY | C5: NMN | D5: 67 | E5: =+($D5-32)*5/9 -> 19.444444
A7: DY NMX NMN NPCP RMX /YEAR LOMX/YEAR RMN /YEAR HIMN/YEAR MXPCP YEAR
A8: 01 87 66 0.13 103 /1901 70 /1936 50*/1988 80 /1933+ 3.18 1987
A9: 02 87 66 0.12 103 /1901 67 /1891 51 /2001+ 80 /1901 3.47 1889
A10: 03 87 66 0.12 104 /1898 66 /1933 50*/2001 80 /1898 2.33 1978
A11: 04 87 66 0.12 100 /2002+ 66 /1941 53 /1986 78 /1911 2.30 1981
A12: 05 87 66 0.12 102 /1999+ 68 /1972 55 /1979 79 /1949 1.65 1895
A13: 06 87 67 0.11 105 /2010 70 /1909 51 /1979 80 /1881 1.34 1931
A14: 07 87 67 0.12 104 /2012 75 /1972+ 53 /1980 79 /1900 2.62 1905
A15: 08 87 67 0.13 100 /2012+ 61*/1891 53 /2000 82 /2012 5.85* 1952
A16: 09 88 67 0.13 103 /1936 71 /1883 54 /1984 80 /1937 0.99 1970
A17: 10 88 67 0.12 107*/1936 75 /1895+ 55 /1961 81 /1937 2.29 1942
A18: 11 88 67 0.13 100 /1988+ 69 /1895 53 /1996 81 /1911 3.75 1884
... A40: * EXTREME EVENT FOR THE MONTH
A41: =+ EVENT ALSO OCCURRED IN PREVIOUS YEARS -> #NAME?
A43: MONTHLY PRECIPITATION EXTREMES: WETTEST..11.03" 1889
A44: DRIEST....0.30" 1955
A47: NORMALS BASED ON PERIOD 1981-2010
A49: MONTHLY NORMALS: MAX 87.2 MIN 66.8 AVG 77.0 PCP 4.07"
A51: KEY...
A52: DY=DAY OF MONTH
A53: NMX=NORMAL DAILY MAX(F)
A54: NMN=NORMAL DAILY MIN(F)
A55: NPCP=NORMAL DAILY PRECIP (IN)
A56: RMX=DAILY RECORD HIGH MAX(F)
A57: LOMX=DAILY RECORD LOWEST MAX(F)
A58: RMN=DAILY RECORD LOW MIN(F)
... A66: Last updated: Sun Jul 22 16:00:01 GMT 2012

Sheet code
A1: // c code
A2: #include <math.h>
A4: float Get_Temperature (float t) { // t=fractional days since 0/0
A5: const float T0 = 13.0;
A6: const float Ty = 12.5;
A7: const float dT = 0.8;
A8: const float Td = 6.0;
A9: const float a = -1.95;
A10: const float b = 4.416;
A11: const float c = -2.4;
A12: // return temperature in degrees C
A13: return(T0+Ty*sin(2*M_PI/365*t+a)+(dT*sin(2*M_PI/365*t+b)+(Td-dT))*sin(2*M_PI*t+c));
A14: }
