Workbook

Sheet lake_michigan
A1: 0.01 | B1: 0.58 | C1: 0.56 | D1: 12.5 | E1: 44 | F1: 0.65604442 | H1: =+SUM(H10:H824) -> 249.7187 | J1: Best Fit | K1: 0.58 | L1: 13.7483
D2: 2.7 | E2: <- this was 2.5 | H2: goal | L2: 2.7207897
B3: 2 | C3: 2 | D3: 1.05 | F3: 1.7070066 | K3: 2 | L3: 1.1139459
B4: reference | D4: 0.5 | F4: other power law
F5: change 2.4 to 0 to remove nonlinearity
F6: change 2 to 1.7 to change power law | M6: =+SUM($M10:$M5000) -> 111324755
I7: Cumulative | J7: Cumulative | K7: Cumulative | L7: Cumulative
I8: RMS | J8: chop&swell | K8: chop | L8: swell | M8: RMS | N8: chop | O8: swell
B9: chop&swell | C9: Model | D9: Nonlinear | E9: RMS | F9: chop | G9: swell | I9: =+M9 -> 111324755 | J9: =+$N9+$O9 -> 205833319 | K9: =+$N9 -> 95648470 | L9: =+$O9 -> 110184849 | M9: =+SUM($M10:$M5000) -> 111324755 | N9: =+SUM(N10:N5000) -> 95648470 | O9: =+SUM(O10:O5000) -> 110184849
A10: 0.01 | B10: =+$J10/$J$9 -> 0.98957889 | C10: =2*($A10/$C$1*$D10)*BESSELK(2*($A10/$C$1*$D10),1) -> 0.99748633 | D10: =+(1-$D$2*$A10/$D$1*(1-$D$3*$A10/$D$1))^$D$4 -> 0.99892032 | E10: =+$I10/$I$9 -> 0.99641277 | F10: =+$K10/$K$9 -> 0.99452844 | G10: =+$L10/$L$9 -> 0.98528231 | H10: =+ABS(LN($C10/$E10)) -> 0.0010768465 | I10: =+$I9-$M10 -> 110925407 | J10: =+$J9-$N10-$O10 -> 203688307 | K10: =+$K9-$N10 -> 95125124 | L10: =+$L9-$O10 -> 108563183 | M10: 399348 | N10: 523346 | O10: 1621666
A11: =+$A10+$A$1 -> 0.02 | B11: =+$J11/$J$9 -> 0.96894607 | C11: =2*($A11/$C$1*$D11)*BESSELK(2*($A11/$C$1*$D11),1) -> 0.99172031 | D11: =+(1-$D$2*$A11/$D$1*(1-$D$3*$A11/$D$1))^$D$4 -> 0.9978413 | E11: =+$I11/$I$9 -> 0.98994215 | F11: =+$K11/$K$9 -> 0.98359282 | G11: =+$L11/$L$9 -> 0.95623162 | H11: =+ABS(LN($C11/$E11)) -> 0.0017946222 | I11: =+$I10-$M11 -> 110205067 | J11: =+$J10-$N11-$O11 -> 199441385 | K11: =+$K10-$N11 -> 94079148 | L11: =+$L10-$O11 -> 105362237 | M11: 720340 | N11: 1045976 | O11: 3200946
A12: =+$A11+$A$1 -> 0.03 | B12: =+$J12/$J$9 -> 0.93990705 | C12: =2*($A12/$C$1*$D12)*BESSELK(2*($A12/$C$1*$D12),1) -> 0.98370224 | D12: =+(1-$D$2*$A12/$D$1*(1-$D$3*$A12/$D$1))^$D$4 -> 0.99676293 | E12: =+$I12/$I$9 -> 0.98098552 | F12: =+$K12/$K$9 -> 0.96560315 | G12: =+$L12/$L$9 -> 0.91760096 | H12: =+ABS(LN($C12/$E12)) -> 0.0027655442 | I12: =+$I11-$M12 -> 109207973 | J12: =+$J11-$N12-$O12 -> 193464187 | K12: =+$K11-$N12 -> 92358464 | L12: =+$L11-$O12 -> 101105723 | M12: 997094 | N12: 1720684 | O12: 4256514
A13: =+$A12+$A$1 -> 0.04 | B13: =+$J13/$J$9 -> 0.90784112 | C13: =2*($A13/$C$1*$D13)*BESSELK(2*($A13/$C$1*$D13),1) -> 0.97395519 | D13: =+(1-$D$2*$A13/$D$1*(1-$D$3*$A13/$D$1))^$D$4 -> 0.99568521 | E13: =+$I13/$I$9 -> 0.97046331 | F13: =+$K13/$K$9 -> 0.94588804 | G13: =+$L13/$L$9 -> 0.87481361 | H13: =+ABS(LN($C13/$E13)) -> 0.0035917058 | I13: =+$I12-$M13 -> 108036590 | J13: =+$J12-$N13-$O13 -> 186863950 | K13: =+$K12-$N13 -> 90472744 | L13: =+$L12-$O13 -> 96391206 | M13: 1171383 | N13: 1885720 | O13: 4714517
A14: =+$A13+$A$1 -> 0.05 | B14: =+$J14/$J$9 -> 0.87795897 | C14: =2*($A14/$C$1*$D14)*BESSELK(2*($A14/$C$1*$D14),1) -> 0.96283511 | D14: =+(1-$D$2*$A14/$D$1*(1-$D$3*$A14/$D$1))^$D$4 -> 0.99460814 | E14: =+$I14/$I$9 -> 0.95928073 | F14: =+$K14/$K$9 -> 0.93097902 | G14: =+$L14/$L$9 -> 0.83193371 | H14: =+ABS(LN($C14/$E14)) -> 0.0036984137 | I14: =+$I13-$M14 -> 106791692 | J14: =+$J13-$N14-$O14 -> 180713209 | K14: =+$K13-$N14 -> 89046719 | L14: =+$L13-$O14 -> 91666490 | M14: 1244898 | N14: 1426025 | O14: 4724716
A15: =+$A14+$A$1 -> 0.06 | B15: =+$J15/$J$9 -> 0.84951686 | C15: =2*($A15/$C$1*$D15)*BESSELK(2*($A15/$C$1*$D15),1) -> 0.95060785 | D15: =+(1-$D$2*$A15/$D$1*(1-$D$3*$A15/$D$1))^$D$4 -> 0.99353174 | E15: =+$I15/$I$9 -> 0.94772977 | F15: =+$K15/$K$9 -> 0.91683099 | G15: =+$L15/$L$9 -> 0.79108329 | H15: =+ABS(LN($C15/$E15)) -> 0.0030322214 | I15: =+$I14-$M15 -> 105505784 | J15: =+$J14-$N15-$O15 -> 174858874 | K15: =+$K14-$N15 -> 87693481 | L15: =+$L14-$O15 -> 87165393 | M15: 1285908 | N15: 1353238 | O15: 4501097
A16: =+$A15+$A$1 -> 0.07 | B16: =+$J16/$J$9 -> 0.822661 | C16: =2*($A16/$C$1*$D16)*BESSELK(2*($A16/$C$1*$D16),1) -> 0.93748224 | D16: =+(1-$D$2*$A16/$D$1*(1-$D$3*$A16/$D$1))^$D$4 -> 0.992456 | E16: =+$I16/$I$9 -> 0.93569837 | F16: =+$K16/$K$9 -> 0.90349582 | G16: =+$L16/$L$9 -> 0.75249049 | H16: =+ABS(LN($C16/$E16)) -> 0.0019046378 | I16: =+$I15-$M16 -> 104166392 | J16: =+$J15-$N16-$O16 -> 169331044 | K16: =+$K15-$N16 -> 86417993 | L16: =+$L15-$O16 -> 82913051 | M16: 1339392 | N16: 1275488 | O16: 4252342
A17: =+$A16+$A$1 -> 0.08 | B17: =+$J17/$J$9 -> 0.79637998 | C17: =2*($A17/$C$1*$D17)*BESSELK(2*($A17/$C$1*$D17),1) -> 0.92362751 | D17: =+(1-$D$2*$A17/$D$1*(1-$D$3*$A17/$D$1))^$D$4 -> 0.99138092 | E17: =+$I17/$I$9 -> 0.92313247 | F17: =+$K17/$K$9 -> 0.88866368 | G17: =+$L17/$L$9 -> 0.71627101 | H17: =+ABS(LN($C17/$E17)) -> 0.00053611682 | I17: =+$I16-$M17 -> 102767496 | J17: =+$J16-$N17-$O17 -> 163921534 | K17: =+$K16-$N17 -> 84999321 | L17: =+$L16-$O17 -> 78922213 | M17: 1398896 | N17: 1418672 | O17: 3990838
A18: =+$A17+$A$1 -> 0.09 | B18: =+$J18/$J$9 -> 0.7713126 | C18: =2*($A18/$C$1*$D18)*BESSELK(2*($A18/$C$1*$D18),1) -> 0.90918378 | D18: =+(1-$D$2*$A18/$D$1*(1-$D$3*$A18/$D$1))^$D$4 -> 0.9903065 | E18: =+$I18/$I$9 -> 0.90993265 | F18: =+$K18/$K$9 -> 0.87375608 | G18: =+$L18/$L$9 -> 0.6823842 | H18: =+ABS(LN($C18/$E18)) -> 0.00082332938 | I18: =+$I17-$M18 -> 101298029 | J18: =+$J17-$N18-$O18 -> 158761832 | K18: =+$K17-$N18 -> 83573432 | L18: =+$L17-$O18 -> 75188400 | M18: 1469467 | N18: 1425889 | O18: 3733813
A19: =+$A18+$A$1 -> 0.1 | B19: =+$J19/$J$9 -> 0.74707396 | C19: =2*($A19/$C$1*$D19)*BESSELK(2*($A19/$C$1*$D19),1) -> 0.8942688 | D19: =+(1-$D$2*$A19/$D$1*(1-$D$3*$A19/$D$1))^$D$4 -> 0.98923275 | E19: =+$I19/$I$9 -> 0.89612803 | F19: =+$K19/$K$9 -> 0.85809463 | G19: =+$L19/$L$9 -> 0.65069993 | H19: =+ABS(LN($C19/$E19)) -> 0.0020768857 | I19: =+$I18-$M19 -> 99761233 | J19: =+$J18-$N19-$O19 -> 153772712 | K19: =+$K18-$N19 -> 82075438 | L19: =+$L18-$O19 -> 71697274 | M19: 1536796 | N19: 1497994 | O19: 3491126
A20: =+$A19+$A$1 -> 0.11 | B20: =+$J20/$J$9 -> 0.72360231 | C20: =2*($A20/$C$1*$D20)*BESSELK(2*($A20/$C$1*$D20),1) -> 0.87898263 | D20: =+(1-$D$2*$A20/$D$1*(1-$D$3*$A20/$D$1))^$D$4 -> 0.98815967 | E20: =+$I20/$I$9 -> 0.88178777 | F20: =+$K20/$K$9 -> 0.84180934 | G20: =+$L20/$L$9 -> 0.62099001 | H20: =+ABS(LN($C20/$E20)) -> 0.0031862711 | I20: =+$I19-$M20 -> 98164808 | J20: =+$J19-$N20-$O20 -> 148941465 | K20: =+$K19-$N20 -> 80517775 | L20: =+$L19-$O20 -> 68423690 | M20: 1596425 | N20: 1557663 | O20: 3273584
A21: =+$A20+$A$1 -> 0.12 | B21: =+$J21/$J$9 -> 0.70119738 | C21: =2*($A21/$C$1*$D21)*BESSELK(2*($A21/$C$1*$D21),1) -> 0.863411 | D21: =+(1-$D$2*$A21/$D$1*(1-$D$3*$A21/$D$1))^$D$4 -> 0.98708727 | E21: =+$I21/$I$9 -> 0.86709797 | F21: =+$K21/$K$9 -> 0.82571854 | G21: =+$L21/$L$9 -> 0.59310396 | H21: =+ABS(LN($C21/$E21)) -> 0.0042611443 | I21: =+$I20-$M21 -> 96529469 | J21: =+$J20-$N21-$O21 -> 144329785 | K21: =+$K20-$N21 -> 78978715 | L21: =+$L20-$O21 -> 65351070 | M21: 1635339 | N21: 1539060 | O21: 3072620
A22: =+$A21+$A$1 -> 0.13 | B22: =+$J22/$J$9 -> 0.679618 | C22: =2*($A22/$C$1*$D22)*BESSELK(2*($A22/$C$1*$D22),1) -> 0.84762783 | D22: =+(1-$D$2*$A22/$D$1*(1-$D$3*$A22/$D$1))^$D$4 -> 0.98601553 | E22: =+$I22/$I$9 -> 0.85220144 | F22: =+$K22/$K$9 -> 0.80950893 | G22: =+$L22/$L$9 -> 0.56686322 | H22: =+ABS(LN($C22/$E22)) -> 0.0053812758 | I22: =+$I21-$M22 -> 94871117 | J22: =+$J21-$N22-$O22 -> 139888029 | K22: =+$K21-$N22 -> 77428291 | L22: =+$L21-$O22 -> 62459738 | M22: 1658352 | N22: 1550424 | O22: 2891332
... A37: =+$A36+$A$1 -> 0.28 | B37: =+$J37/$J$9 -> 0.42303864 | C37: =2*($A37/$C$1*$D37)*BESSELK(2*($A37/$C$1*$D37),1) -> 0.61460918 | D37: =+(1-$D$2*$A37/$D$1*(1-$D$3*$A37/$D$1))^$D$4 -> 0.9700219 | E37: =+$I37/$I$9 -> 0.62063594 | F37: =+$K37/$K$9 -> 0.5728624 | G37: =+$L37/$L$9 -> 0.29298071 | H37: =+ABS(LN($C37/$E37)) -> 0.0097580743 | I37: =+$I36-$M37 -> 69092144 | J37: =+$J36-$N37-$O37 -> 87075447 | K37: =+$K36-$N37 -> 54793412 | L37: =+$L36-$O37 -> 32282035 | M37: 2961416 | N37: 2563147 | O37: 2619464
A38: =+$A37+$A$1 -> 0.29 | B38: =+$J38/$J$9 -> 0.42303864 | C38: =2*($A38/$C$1*$D38)*BESSELK(2*($A38/$C$1*$D38),1) -> 0.60040658 | D38: =+(1-$D$2*$A38/$D$1*(1-$D$3*$A38/$D$1))^$D$4 -> 0.96896125 | E38: =+$I38/$I$9 -> 0.62063594 | F38: =+$K38/$K$9 -> 0.5728624 | G38: =+$L38/$L$9 -> 0.29298071 | H38: =+ABS(LN($C38/$E38)) -> 0.033137596 | I38: =+$I37-$M38 -> 69092144 | J38: =+$J37-$N38-$O38 -> 87075447 | K38: =+$K37-$N38 -> 54793412 | L38: =+$L37-$O38 -> 32282035
A39: =+$A38+$A$1 -> 0.3 | B39: =+$J39/$J$9 -> 0.41094517 | C39: =2*($A39/$C$1*$D39)*BESSELK(2*($A39/$C$1*$D39),1) -> 0.58643923 | D39: =+(1-$D$2*$A39/$D$1*(1-$D$3*$A39/$D$1))^$D$4 -> 0.96790132 | E39: =+$I39/$I$9 -> 0.60767191 | F39: =+$K39/$K$9 -> 0.55965006 | G39: =+$L39/$L$9 -> 0.2818585 | H39: =+ABS(LN($C39/$E39)) -> 0.03556608 | I39: =+$I38-$M39 -> 67648927 | J39: =+$J38-$N39-$O39 -> 84586208 | K39: =+$K38-$N39 -> 53529672 | L39: =+$L38-$O39 -> 31056536 | M39: 1443217 | N39: 1263740 | O39: 1225499
A40: =+$A39+$A$1 -> 0.31 | B40: =+$J40/$J$9 -> 0.39919492 | C40: =2*($A40/$C$1*$D40)*BESSELK(2*($A40/$C$1*$D40),1) -> 0.57271186 | D40: =+(1-$D$2*$A40/$D$1*(1-$D$3*$A40/$D$1))^$D$4 -> 0.9668421 | E40: =+$I40/$I$9 -> 0.59493968 | F40: =+$K40/$K$9 -> 0.54663859 | G40: =+$L40/$L$9 -> 0.27120309 | H40: =+ABS(LN($C40/$E40)) -> 0.038077291 | I40: =+$I39-$M40 -> 66231514 | J40: =+$J39-$N40-$O40 -> 82167616 | K40: =+$K39-$N40 -> 52285145 | L40: =+$L39-$O40 -> 29882471 | M40: 1417413 | N40: 1244527 | O40: 1174065
A41: =+$A40+$A$1 -> 0.32 | B41: =+$J41/$J$9 -> 0.38779467 | C41: =2*($A41/$C$1*$D41)*BESSELK(2*($A41/$C$1*$D41),1) -> 0.55922822 | D41: =+(1-$D$2*$A41/$D$1*(1-$D$3*$A41/$D$1))^$D$4 -> 0.96578359 | E41: =+$I41/$I$9 -> 0.58241939 | F41: =+$K41/$K$9 -> 0.53387347 | G41: =+$L41/$L$9 -> 0.26098762 | H41: =+ABS(LN($C41/$E41)) -> 0.040633136 | I41: =+$I40-$M41 -> 64837696 | J41: =+$J40-$N41-$O41 -> 79821063 | K41: =+$K40-$N41 -> 51064181 | L41: =+$L40-$O41 -> 28756882 | M41: 1393818 | N41: 1220964 | O41: 1125589
A42: =+$A41+$A$1 -> 0.33 | B42: =+$J42/$J$9 -> 0.37675713 | C42: =2*($A42/$C$1*$D42)*BESSELK(2*($A42/$C$1*$D42),1) -> 0.54599113 | D42: =+(1-$D$2*$A42/$D$1*(1-$D$3*$A42/$D$1))^$D$4 -> 0.96472581 | E42: =+$I42/$I$9 -> 0.5701639 | F42: =+$K42/$K$9 -> 0.52137644 | G42: =+$L42/$L$9 -> 0.25121704 | H42: =+ABS(LN($C42/$E42)) -> 0.04332115 | I42: =+$I41-$M42 -> 63473357 | J42: =+$J41-$N42-$O42 -> 77549171 | K42: =+$K41-$N42 -> 49868859 | L42: =+$L41-$O42 -> 27680312 | M42: 1364339 | N42: 1195322 | O42: 1076570
A43: =+$A42+$A$1 -> 0.34 | B43: =+$J43/$J$9 -> 0.36608544 | C43: =2*($A43/$C$1*$D43)*BESSELK(2*($A43/$C$1*$D43),1) -> 0.53300258 | D43: =+(1-$D$2*$A43/$D$1*(1-$D$3*$A43/$D$1))^$D$4 -> 0.96366874 | E43: =+$I43/$I$9 -> 0.55814144 | F43: =+$K43/$K$9 -> 0.5092434 | G43: =+$L43/$L$9 -> 0.24181392 | H43: =+ABS(LN($C43/$E43)) -> 0.046086146 | I43: =+$I42-$M43 -> 62134959 | J43: =+$J42-$N43-$O43 -> 75352582 | K43: =+$K42-$N43 -> 48708352 | L43: =+$L42-$O43 -> 26644230 | M43: 1338398 | N43: 1160507 | O43: 1036082
A44: =+$A43+$A$1 -> 0.35 | B44: =+$J44/$J$9 -> 0.35577948 | C44: =2*($A44/$C$1*$D44)*BESSELK(2*($A44/$C$1*$D44),1) -> 0.52026385 | D44: =+(1-$D$2*$A44/$D$1*(1-$D$3*$A44/$D$1))^$D$4 -> 0.9626124 | E44: =+$I44/$I$9 -> 0.54634009 | F44: =+$K44/$K$9 -> 0.4974817 | G44: =+$L44/$L$9 -> 0.23277165 | H44: =+ABS(LN($C44/$E44)) -> 0.048905584 | I44: =+$I43-$M44 -> 60821177 | J44: =+$J43-$N44-$O44 -> 73231272 | K44: =+$K43-$N44 -> 47583363 | L44: =+$L43-$O44 -> 25647909 | M44: 1313782 | N44: 1124989 | O44: 996321
A45: =+$A44+$A$1 -> 0.36 | B45: =+$J45/$J$9 -> 0.34581446 | C45: =2*($A45/$C$1*$D45)*BESSELK(2*($A45/$C$1*$D45),1) -> 0.50777554 | D45: =+(1-$D$2*$A45/$D$1*(1-$D$3*$A45/$D$1))^$D$4 -> 0.96155679 | E45: =+$I45/$I$9 -> 0.53476385 | F45: =+$K45/$K$9 -> 0.48601674 | G45: =+$L45/$L$9 -> 0.22410867 | H45: =+ABS(LN($C45/$E45)) -> 0.051785747 | I45: =+$I44-$M45 -> 59532455 | J45: =+$J44-$N45-$O45 -> 71180138 | K45: =+$K44-$N45 -> 46486758 | L45: =+$L44-$O45 -> 24693380 | M45: 1288722 | N45: 1096605 | O45: 954529
A46: =+$A45+$A$1 -> 0.37 | B46: =+$J46/$J$9 -> 0.33613747 | C46: =2*($A46/$C$1*$D46)*BESSELK(2*($A46/$C$1*$D46),1) -> 0.4955377 | D46: =+(1-$D$2*$A46/$D$1*(1-$D$3*$A46/$D$1))^$D$4 -> 0.96050191 | E46: =+$I46/$I$9 -> 0.52341535 | F46: =+$K46/$K$9 -> 0.47477123 | G46: =+$L46/$L$9 -> 0.21579328 | H46: =+ABS(LN($C46/$E46)) -> 0.05473189 | I46: =+$I45-$M46 -> 58269086 | J46: =+$J45-$N46-$O46 -> 69188292 | K46: =+$K45-$N46 -> 45411142 | L46: =+$L45-$O46 -> 23777150 | M46: 1263369 | N46: 1075616 | O46: 916230
A47: =+$A46+$A$1 -> 0.38 | B47: =+$J47/$J$9 -> 0.32669465 | C47: =2*($A47/$C$1*$D47)*BESSELK(2*($A47/$C$1*$D47),1) -> 0.48354982 | D47: =+(1-$D$2*$A47/$D$1*(1-$D$3*$A47/$D$1))^$D$4 -> 0.95944775 | E47: =+$I47/$I$9 -> 0.51228412 | F47: =+$K47/$K$9 -> 0.4636621 | G47: =+$L47/$L$9 -> 0.20779694 | H47: =+ABS(LN($C47/$E47)) -> 0.057725048 | I47: =+$I46-$M47 -> 57029904 | J47: =+$J46-$N47-$O47 -> 67244644 | K47: =+$K46-$N47 -> 44348570 | L47: =+$L46-$O47 -> 22896074 | M47: 1239182 | N47: 1062572 | O47: 881076
A48: =+$A47+$A$1 -> 0.39 | B48: =+$J48/$J$9 -> 0.31749577 | C48: =2*($A48/$C$1*$D48)*BESSELK(2*($A48/$C$1*$D48),1) -> 0.47181093 | D48: =+(1-$D$2*$A48/$D$1*(1-$D$3*$A48/$D$1))^$D$4 -> 0.95839434 | E48: =+$I48/$I$9 -> 0.50138709 | F48: =+$K48/$K$9 -> 0.45272589 | G48: =+$L48/$L$9 -> 0.20010619 | H48: =+ABS(LN($C48/$E48)) -> 0.060800097 | I48: =+$I47-$M48 -> 55816795 | J48: =+$J47-$N48-$O48 -> 65351209 | K48: =+$K47-$N48 -> 43302539 | L48: =+$L47-$O48 -> 22048670 | M48: 1213109 | N48: 1046031 | O48: 847404
A49: =+$A48+$A$1 -> 0.4 | B49: =+$J49/$J$9 -> 0.30854653 | C49: =2*($A49/$C$1*$D49)*BESSELK(2*($A49/$C$1*$D49),1) -> 0.46031968 | D49: =+(1-$D$2*$A49/$D$1*(1-$D$3*$A49/$D$1))^$D$4 -> 0.95734165 | E49: =+$I49/$I$9 -> 0.49069549 | F49: =+$K49/$K$9 -> 0.44196548 | G49: =+$L49/$L$9 -> 0.19272917 | H49: =+ABS(LN($C49/$E49)) -> 0.063902551 | I49: =+$I48-$M49 -> 54626555 | J49: =+$J48-$N49-$O49 -> 63509157 | K49: =+$K48-$N49 -> 42273322 | L49: =+$L48-$O49 -> 21235835 | M49: 1190240 | N49: 1029217 | O49: 812835
A50: =+$A49+$A$1 -> 0.41 | B50: =+$J50/$J$9 -> 0.29984653 | C50: =2*($A50/$C$1*$D50)*BESSELK(2*($A50/$C$1*$D50),1) -> 0.4490743 | D50: =+(1-$D$2*$A50/$D$1*(1-$D$3*$A50/$D$1))^$D$4 -> 0.95628971 | E50: =+$I50/$I$9 -> 0.4802275 | F50: =+$K50/$K$9 -> 0.43142615 | G50: =+$L50/$L$9 -> 0.18562585 | H50: =+ABS(LN($C50/$E50)) -> 0.067071602 | I50: =+$I49-$M50 -> 53461209 | J50: =+$J49-$N50-$O50 -> 61718407 | K50: =+$K49-$N50 -> 41265251 | L50: =+$L49-$O50 -> 20453156 | M50: 1165346 | N50: 1008071 | O50: 782679
... A66: =+$A65+$A$1 -> 0.57 | B66: =+$J66/$J$9 -> 0.18726664 | C66: =2*($A66/$C$1*$D66)*BESSELK(2*($A66/$C$1*$D66),1) -> 0.30026464 | D66: =+(1-$D$2*$A66/$D$1*(1-$D$3*$A66/$D$1))^$D$4 -> 0.93956106 | E66: =+$I66/$I$9 -> 0.33290064 | F66: =+$K66/$K$9 -> 0.28950456 | G66: =+$L66/$L$9 -> 0.098516694 | H66: =+ABS(LN($C66/$E66)) -> 0.10317984 | I66: =+$I65-$M66 -> 37060082 | J66: =+$J65-$N66-$O66 -> 38545715 | K66: =+$K65-$N66 -> 27690668 | L66: =+$L65-$O66 -> 10855047 | M66: 801129 | N66: 629483 | O66: 409889
A67: =+$A66+$A$1 -> 0.58 | B67: =+$J67/$J$9 -> 0.18726664 | C67: =2*($A67/$C$1*$D67)*BESSELK(2*($A67/$C$1*$D67),1) -> 0.29273116 | D67: =+(1-$D$2*$A67/$D$1*(1-$D$3*$A67/$D$1))^$D$4 -> 0.93852205 | E67: =+$I67/$I$9 -> 0.33290064 | F67: =+$K67/$K$9 -> 0.28950456 | G67: =+$L67/$L$9 -> 0.098516694 | H67: =+ABS(LN($C67/$E67)) -> 0.12858941 | I67: =+$I66-$M67 -> 37060082 | J67: =+$J66-$N67-$O67 -> 38545715 | K67: =+$K66-$N67 -> 27690668 | L67: =+$L66-$O67 -> 10855047
A68: =+$A67+$A$1 -> 0.59 | B68: =+$J68/$J$9 -> 0.18235277 | C68: =2*($A68/$C$1*$D68)*BESSELK(2*($A68/$C$1*$D68),1) -> 0.28538287 | D68: =+(1-$D$2*$A68/$D$1*(1-$D$3*$A68/$D$1))^$D$4 -> 0.93748383 | E68: =+$I68/$I$9 -> 0.32585336 | F68: =+$K68/$K$9 -> 0.2830634 | G68: =+$L68/$L$9 -> 0.094928605 | H68: =+ABS(LN($C68/$E68)) -> 0.1326158 | I68: =+$I67-$M68 -> 36275546 | J68: =+$J67-$N68-$O68 -> 37534275 | K68: =+$K67-$N68 -> 27074581 | L68: =+$L67-$O68 -> 10459694 | M68: 784536 | N68: 616087 | O68: 395353
A69: =+$A68+$A$1 -> 0.6 | B69: =+$J69/$J$9 -> 0.17755946 | C69: =2*($A69/$C$1*$D69)*BESSELK(2*($A69/$C$1*$D69),1) -> 0.27821592 | D69: =+(1-$D$2*$A69/$D$1*(1-$D$3*$A69/$D$1))^$D$4 -> 0.93644639 | E69: =+$I69/$I$9 -> 0.31897115 | F69: =+$K69/$K$9 -> 0.27674311 | G69: =+$L69/$L$9 -> 0.091460823 | H69: =+ABS(LN($C69/$E69)) -> 0.13670316 | I69: =+$I68-$M69 -> 35509385 | J69: =+$J68-$N69-$O69 -> 36547652 | K69: =+$K68-$N69 -> 26470055 | L69: =+$L68-$O69 -> 10077597 | M69: 766161 | N69: 604526 | O69: 382097
A70: =+$A69+$A$1 -> 0.61 | B70: =+$J70/$J$9 -> 0.1728794 | C70: =2*($A70/$C$1*$D70)*BESSELK(2*($A70/$C$1*$D70),1) -> 0.27122647 | D70: =+(1-$D$2*$A70/$D$1*(1-$D$3*$A70/$D$1))^$D$4 -> 0.93540974 | E70: =+$I70/$I$9 -> 0.3122362 | F70: =+$K70/$K$9 -> 0.27053357 | G70: =+$L70/$L$9 -> 0.088108475 | H70: =+ABS(LN($C70/$E70)) -> 0.14080581 | I70: =+$I69-$M70 -> 34759619 | J70: =+$J69-$N70-$O70 -> 35584341 | K70: =+$K69-$N70 -> 25876122 | L70: =+$L69-$O70 -> 9708219 | M70: 749766 | N70: 593933 | O70: 369378
A71: =+$A70+$A$1 -> 0.62 | B71: =+$J71/$J$9 -> 0.16831182 | C71: =2*($A71/$C$1*$D71)*BESSELK(2*($A71/$C$1*$D71),1) -> 0.26441071 | D71: =+(1-$D$2*$A71/$D$1*(1-$D$3*$A71/$D$1))^$D$4 -> 0.93437388 | E71: =+$I71/$I$9 -> 0.30566233 | F71: =+$K71/$K$9 -> 0.26443438 | G71: =+$L71/$L$9 -> 0.084870443 | H71: =+ABS(LN($C71/$E71)) -> 0.14497737 | I71: =+$I70-$M71 -> 34027784 | J71: =+$J70-$N71-$O71 -> 34644181 | K71: =+$K70-$N71 -> 25292744 | L71: =+$L70-$O71 -> 9351437 | M71: 731835 | N71: 583378 | O71: 356782
A72: =+$A71+$A$1 -> 0.63 | B72: =+$J72/$J$9 -> 0.16386843 | C72: =2*($A72/$C$1*$D72)*BESSELK(2*($A72/$C$1*$D72),1) -> 0.25776487 | D72: =+(1-$D$2*$A72/$D$1*(1-$D$3*$A72/$D$1))^$D$4 -> 0.93333882 | E72: =+$I72/$I$9 -> 0.29922179 | F72: =+$K72/$K$9 -> 0.25845223 | G72: =+$L72/$L$9 -> 0.081762811 | H72: =+ABS(LN($C72/$E72)) -> 0.14913727 | I72: =+$I71-$M72 -> 33310793 | J72: =+$J71-$N72-$O72 -> 33729583 | K72: =+$K71-$N72 -> 24720560 | L72: =+$L71-$O72 -> 9009023 | M72: 716991 | N72: 572184 | O72: 342414
A73: =+$A72+$A$1 -> 0.64 | B73: =+$J73/$J$9 -> 0.15953601 | C73: =2*($A73/$C$1*$D73)*BESSELK(2*($A73/$C$1*$D73),1) -> 0.25128521 | D73: =+(1-$D$2*$A73/$D$1*(1-$D$3*$A73/$D$1))^$D$4 -> 0.93230455 | E73: =+$I73/$I$9 -> 0.29294315 | F73: =+$K73/$K$9 -> 0.25259419 | G73: =+$L73/$L$9 -> 0.078754739 | H73: =+ABS(LN($C73/$E73)) -> 0.15338997 | I73: =+$I72-$M73 -> 32611824 | J73: =+$J72-$N73-$O73 -> 32837827 | K73: =+$K72-$N73 -> 24160248 | L73: =+$L72-$O73 -> 8677579 | M73: 698969 | N73: 560312 | O73: 331444
A74: =+$A73+$A$1 -> 0.65 | B74: =+$J74/$J$9 -> 0.15534392 | C74: =2*($A74/$C$1*$D74)*BESSELK(2*($A74/$C$1*$D74),1) -> 0.24496802 | D74: =+(1-$D$2*$A74/$D$1*(1-$D$3*$A74/$D$1))^$D$4 -> 0.93127109 | E74: =+$I74/$I$9 -> 0.28681039 | F74: =+$K74/$K$9 -> 0.24690571 | G74: =+$L74/$L$9 -> 0.075861628 | H74: =+ABS(LN($C74/$E74)) -> 0.15769365 | I74: =+$I73-$M74 -> 31929096 | J74: =+$J73-$N74-$O74 -> 31974955 | K74: =+$K73-$N74 -> 23616153 | L74: =+$L73-$O74 -> 8358802 | M74: 682728 | N74: 544095 | O74: 318777
A75: =+$A74+$A$1 -> 0.66 | B75: =+$J75/$J$9 -> 0.15129135 | C75: =2*($A75/$C$1*$D75)*BESSELK(2*($A75/$C$1*$D75),1) -> 0.23880965 | D75: =+(1-$D$2*$A75/$D$1*(1-$D$3*$A75/$D$1))^$D$4 -> 0.93023842 | E75: =+$I75/$I$9 -> 0.28078867 | F75: =+$K75/$K$9 -> 0.24140691 | G75: =+$L75/$L$9 -> 0.073064483 | H75: =+ABS(LN($C75/$E75)) -> 0.16193553 | I75: =+$I74-$M75 -> 31258730 | J75: =+$J74-$N75-$O75 -> 31140801 | K75: =+$K74-$N75 -> 23090202 | L75: =+$L74-$O75 -> 8050599 | M75: 670366 | N75: 525951 | O75: 308203
A76: =+$A75+$A$1 -> 0.67 | B76: =+$J76/$J$9 -> 0.14737967 | C76: =2*($A76/$C$1*$D76)*BESSELK(2*($A76/$C$1*$D76),1) -> 0.23280649 | D76: =+(1-$D$2*$A76/$D$1*(1-$D$3*$A76/$D$1))^$D$4 -> 0.92920657 | E76: =+$I76/$I$9 -> 0.27491882 | F76: =+$K76/$K$9 -> 0.23608706 | G76: =+$L76/$L$9 -> 0.070375202 | H76: =+ABS(LN($C76/$E76)) -> 0.16626827 | I76: =+$I75-$M76 -> 30605270 | J76: =+$J75-$N76-$O76 -> 30335647 | K76: =+$K75-$N76 -> 22581366 | L76: =+$L75-$O76 -> 7754281 | M76: 653460 | N76: 508836 | O76: 296318
A77: =+$A76+$A$1 -> 0.68 | B77: =+$J77/$J$9 -> 0.14358957 | C77: =2*($A77/$C$1*$D77)*BESSELK(2*($A77/$C$1*$D77),1) -> 0.22695496 | D77: =+(1-$D$2*$A77/$D$1*(1-$D$3*$A77/$D$1))^$D$4 -> 0.92817551 | E77: =+$I77/$I$9 -> 0.26917204 | F77: =+$K77/$K$9 -> 0.23093171 | G77: =+$L77/$L$9 -> 0.067770234 | H77: =+ABS(LN($C77/$E77)) -> 0.17059913 | I77: =+$I76-$M77 -> 29965511 | J77: =+$J76-$N77-$O77 -> 29555518 | K77: =+$K76-$N77 -> 22088265 | L77: =+$L76-$O77 -> 7467253 | M77: 639759 | N77: 493101 | O77: 287028
A78: =+$A77+$A$1 -> 0.69 | B78: =+$J78/$J$9 -> 0.1399281 | C78: =2*($A78/$C$1*$D78)*BESSELK(2*($A78/$C$1*$D78),1) -> 0.22125156 | D78: =+(1-$D$2*$A78/$D$1*(1-$D$3*$A78/$D$1))^$D$4 -> 0.92714527 | E78: =+$I78/$I$9 -> 0.26353977 | F78: =+$K78/$K$9 -> 0.22593964 | G78: =+$L78/$L$9 -> 0.065263828 | H78: =+ABS(LN($C78/$E78)) -> 0.17490395 | I78: =+$I77-$M78 -> 29338500 | J78: =+$J77-$N78-$O78 -> 28801866 | K78: =+$K77-$N78 -> 21610781 | L78: =+$L77-$O78 -> 7191085 | M78: 627011 | N78: 477484 | O78: 276168
A79: =+$A78+$A$1 -> 0.7 | B79: =+$J79/$J$9 -> 0.13637922 | C79: =2*($A79/$C$1*$D79)*BESSELK(2*($A79/$C$1*$D79),1) -> 0.21569282 | D79: =+(1-$D$2*$A79/$D$1*(1-$D$3*$A79/$D$1))^$D$4 -> 0.92611585 | E79: =+$I79/$I$9 -> 0.25802626 | F79: =+$K79/$K$9 -> 0.22108192 | G79: =+$L79/$L$9 -> 0.062851109 | H79: =+ABS(LN($C79/$E79)) -> 0.17920611 | I79: =+$I78-$M79 -> 28724710 | J79: =+$J78-$N79-$O79 -> 28071387 | K79: =+$K78-$N79 -> 21146147 | L79: =+$L78-$O79 -> 6925240 | M79: 613790 | N79: 464634 | O79: 265845
... A124: =+$A123+$A$1 -> 1.15 | B124: =+$J124/$J$9 -> 0.04482595 | C124: =2*($A124/$C$1*$D124)*BESSELK(2*($A124/$C$1*$D124),1) -> 0.070194005 | D124: =+(1-$D$2*$A124/$D$1*(1-$D$3*$A124/$D$1))^$D$4 -> 0.88067897 | E124: =+$I124/$I$9 -> 0.098631881 | F124: =+$K124/$K$9 -> 0.084275619 | G124: =+$L124/$L$9 -> 0.010580765 | H124: =+ABS(LN($C124/$E124)) -> 0.34013164 | I124: =+$I123-$M124 -> 10980170 | J124: =+$J123-$N124-$O124 -> 9226674 | K124: =+$K123-$N124 -> 8060834 | L124: =+$L123-$O124 -> 1165840 | M124: 230176 | N124: 166519 | O124: 46663
A125: =+$A124+$A$1 -> 1.16 | B125: =+$J125/$J$9 -> 0.04482595 | C125: =2*($A125/$C$1*$D125)*BESSELK(2*($A125/$C$1*$D125),1) -> 0.068515259 | D125: =+(1-$D$2*$A125/$D$1*(1-$D$3*$A125/$D$1))^$D$4 -> 0.87969004 | E125: =+$I125/$I$9 -> 0.098631881 | F125: =+$K125/$K$9 -> 0.084275619 | G125: =+$L125/$L$9 -> 0.010580765 | H125: =+ABS(LN($C125/$E125)) -> 0.36433807 | I125: =+$I124-$M125 -> 10980170 | J125: =+$J124-$N125-$O125 -> 9226674 | K125: =+$K124-$N125 -> 8060834 | L125: =+$L124-$O125 -> 1165840
A126: =+$A125+$A$1 -> 1.17 | B126: =+$J126/$J$9 -> 0.04382017 | C126: =2*($A126/$C$1*$D126)*BESSELK(2*($A126/$C$1*$D126),1) -> 0.066879282 | D126: =+(1-$D$2*$A126/$D$1*(1-$D$3*$A126/$D$1))^$D$4 -> 0.87870207 | E126: =+$I126/$I$9 -> 0.096604614 | F126: =+$K126/$K$9 -> 0.082580244 | G126: =+$L126/$L$9 -> 0.010173604 | H126: =+ABS(LN($C126/$E126)) -> 0.36773727 | I126: =+$I125-$M126 -> 10754485 | J126: =+$J125-$N126-$O126 -> 9019651 | K126: =+$K125-$N126 -> 7898674 | L126: =+$L125-$O126 -> 1120977 | M126: 225685 | N126: 162160 | O126: 44863
A127: =+$A126+$A$1 -> 1.18 | B127: =+$J127/$J$9 -> 0.042833857 | C127: =2*($A127/$C$1*$D127)*BESSELK(2*($A127/$C$1*$D127),1) -> 0.065284947 | D127: =+(1-$D$2*$A127/$D$1*(1-$D$3*$A127/$D$1))^$D$4 -> 0.87771505 | E127: =+$I127/$I$9 -> 0.094617976 | F127: =+$K127/$K$9 -> 0.080911927 | G127: =+$L127/$L$9 -> 0.0097793209 | H127: =+ABS(LN($C127/$E127)) -> 0.37108599 | I127: =+$I126-$M127 -> 10533323 | J127: =+$J126-$N127-$O127 -> 8816635 | K127: =+$K126-$N127 -> 7739102 | L127: =+$L126-$O127 -> 1077533 | M127: 221162 | N127: 159572 | O127: 43444
A128: =+$A127+$A$1 -> 1.19 | B128: =+$J128/$J$9 -> 0.041869237 | C128: =2*($A128/$C$1*$D128)*BESSELK(2*($A128/$C$1*$D128),1) -> 0.063731153 | D128: =+(1-$D$2*$A128/$D$1*(1-$D$3*$A128/$D$1))^$D$4 -> 0.87672899 | E128: =+$I128/$I$9 -> 0.092678291 | F128: =+$K128/$K$9 -> 0.079274222 | G128: =+$L128/$L$9 -> 0.0093989873 | H128: =+ABS(LN($C128/$E128)) -> 0.37446076 | I128: =+$I127-$M128 -> 10317388 | J128: =+$J127-$N128-$O128 -> 8618084 | K128: =+$K127-$N128 -> 7582458 | L128: =+$L127-$O128 -> 1035626 | M128: 215935 | N128: 156644 | O128: 41907
A129: =+$A128+$A$1 -> 1.2 | B129: =+$J129/$J$9 -> 0.04093108 | C129: =2*($A129/$C$1*$D129)*BESSELK(2*($A129/$C$1*$D129),1) -> 0.06221683 | D129: =+(1-$D$2*$A129/$D$1*(1-$D$3*$A129/$D$1))^$D$4 -> 0.87574389 | E129: =+$I129/$I$9 -> 0.090776405 | F129: =+$K129/$K$9 -> 0.077674175 | G129: =+$L129/$L$9 -> 0.0090353983 | H129: =+ABS(LN($C129/$E129)) -> 0.37777385 | I129: =+$I128-$M129 -> 10105661 | J129: =+$J128-$N129-$O129 -> 8424980 | K129: =+$K128-$N129 -> 7429416 | L129: =+$L128-$O129 -> 995564 | M129: 211727 | N129: 153042 | O129: 40062
A130: =+$A129+$A$1 -> 1.21 | B130: =+$J130/$J$9 -> 0.040019842 | C130: =2*($A130/$C$1*$D130)*BESSELK(2*($A130/$C$1*$D130),1) -> 0.060740937 | D130: =+(1-$D$2*$A130/$D$1*(1-$D$3*$A130/$D$1))^$D$4 -> 0.87475976 | E130: =+$I130/$I$9 -> 0.08891663 | F130: =+$K130/$K$9 -> 0.076116931 | G130: =+$L130/$L$9 -> 0.0086849418 | H130: =+ABS(LN($C130/$E130)) -> 0.3810813 | I130: =+$I129-$M130 -> 9898622 | J130: =+$J129-$N130-$O130 -> 8237417 | K130: =+$K129-$N130 -> 7280468 | L130: =+$L129-$O130 -> 956949 | M130: 207039 | N130: 148948 | O130: 38615
A131: =+$A130+$A$1 -> 1.22 | B131: =+$J131/$J$9 -> 0.039131371 | C131: =2*($A131/$C$1*$D131)*BESSELK(2*($A131/$C$1*$D131),1) -> 0.059302459 | D131: =+(1-$D$2*$A131/$D$1*(1-$D$3*$A131/$D$1))^$D$4 -> 0.87377659 | E131: =+$I131/$I$9 -> 0.087093253 | F131: =+$K131/$K$9 -> 0.074593833 | G131: =+$L131/$L$9 -> 0.0083473727 | H131: =+ABS(LN($C131/$E131)) -> 0.38432864 | I131: =+$I130-$M131 -> 9695635 | J131: =+$J130-$N131-$O131 -> 8054540 | K131: =+$K130-$N131 -> 7134786 | L131: =+$L130-$O131 -> 919754 | M131: 202987 | N131: 145682 | O131: 37195
A132: =+$A131+$A$1 -> 1.23 | B132: =+$J132/$J$9 -> 0.038264888 | C132: =2*($A132/$C$1*$D132)*BESSELK(2*($A132/$C$1*$D132),1) -> 0.05790041 | D132: =+(1-$D$2*$A132/$D$1*(1-$D$3*$A132/$D$1))^$D$4 -> 0.8727944 | E132: =+$I132/$I$9 -> 0.085308016 | F132: =+$K132/$K$9 -> 0.073101347 | G132: =+$L132/$L$9 -> 0.0080243065 | H132: =+ABS(LN($C132/$E132)) -> 0.38754395 | I132: =+$I131-$M132 -> 9496894 | J132: =+$J131-$N132-$O132 -> 7876189 | K132: =+$K131-$N132 -> 6992032 | L132: =+$L131-$O132 -> 884157 | M132: 198741 | N132: 142754 | O132: 35597
A133: =+$A132+$A$1 -> 1.24 | B133: =+$J133/$J$9 -> 0.037419267 | C133: =2*($A133/$C$1*$D133)*BESSELK(2*($A133/$C$1*$D133),1) -> 0.056533829 | D133: =+(1-$D$2*$A133/$D$1*(1-$D$3*$A133/$D$1))^$D$4 -> 0.87181318 | E133: =+$I133/$I$9 -> 0.083558863 | F133: =+$K133/$K$9 -> 0.071634633 | G133: =+$L133/$L$9 -> 0.0077178397 | H133: =+ABS(LN($C133/$E133)) -> 0.39071213 | I133: =+$I132-$M133 -> 9302170 | J133: =+$J132-$N133-$O133 -> 7702132 | K133: =+$K132-$N133 -> 6851743 | L133: =+$L132-$O133 -> 850389 | M133: 194724 | N133: 140289 | O133: 33768
A134: =+$A133+$A$1 -> 1.25 | B134: =+$J134/$J$9 -> 0.036596407 | C134: =2*($A134/$C$1*$D134)*BESSELK(2*($A134/$C$1*$D134),1) -> 0.05520178 | D134: =+(1-$D$2*$A134/$D$1*(1-$D$3*$A134/$D$1))^$D$4 -> 0.87083293 | E134: =+$I134/$I$9 -> 0.08185334 | F134: =+$K134/$K$9 -> 0.07020679 | G134: =+$L134/$L$9 -> 0.007420149 | H134: =+ABS(LN($C134/$E134)) -> 0.3939339 | I134: =+$I133-$M134 -> 9112303 | J134: =+$J133-$N134-$O134 -> 7532760 | K134: =+$K133-$N134 -> 6715172 | L134: =+$L133-$O134 -> 817588 | M134: 189867 | N134: 136571 | O134: 32801
A135: =+$A134+$A$1 -> 1.26 | B135: =+$J135/$J$9 -> 0.035797275 | C135: =2*($A135/$C$1*$D135)*BESSELK(2*($A135/$C$1*$D135),1) -> 0.053903353 | D135: =+(1-$D$2*$A135/$D$1*(1-$D$3*$A135/$D$1))^$D$4 -> 0.86985367 | E135: =+$I135/$I$9 -> 0.080179983 | F135: =+$K135/$K$9 -> 0.068815717 | G135: =+$L135/$L$9 -> 0.0071348648 | H135: =+ABS(LN($C135/$E135)) -> 0.39708121 | I135: =+$I134-$M135 -> 8926017 | J135: =+$J134-$N135-$O135 -> 7368272 | K135: =+$K134-$N135 -> 6582118 | L135: =+$L134-$O135 -> 786154 | M135: 186286 | N135: 133054 | O135: 31434
A136: =+$A135+$A$1 -> 1.27 | B136: =+$J136/$J$9 -> 0.035014671 | C136: =2*($A136/$C$1*$D136)*BESSELK(2*($A136/$C$1*$D136),1) -> 0.052637662 | D136: =+(1-$D$2*$A136/$D$1*(1-$D$3*$A136/$D$1))^$D$4 -> 0.8688754 | E136: =+$I136/$I$9 -> 0.078542127 | F136: =+$K136/$K$9 -> 0.067446599 | G136: =+$L136/$L$9 -> 0.0068613971 | H136: =+ABS(LN($C136/$E136)) -> 0.40020325 | I136: =+$I135-$M136 -> 8743683 | J136: =+$J135-$N136-$O136 -> 7207186 | K136: =+$K135-$N136 -> 6451164 | L136: =+$L135-$O136 -> 756022 | M136: 182334 | N136: 130954 | O136: 30132
A137: =+$A136+$A$1 -> 1.28 | B137: =+$J137/$J$9 -> 0.034257879 | C137: =2*($A137/$C$1*$D137)*BESSELK(2*($A137/$C$1*$D137),1) -> 0.051403845 | D137: =+(1-$D$2*$A137/$D$1*(1-$D$3*$A137/$D$1))^$D$4 -> 0.86789811 | E137: =+$I137/$I$9 -> 0.076936832 | F137: =+$K137/$K$9 -> 0.066122689 | G137: =+$L137/$L$9 -> 0.0065969052 | H137: =+ABS(LN($C137/$E137)) -> 0.40327175 | I137: =+$I136-$M137 -> 8564974 | J137: =+$J136-$N137-$O137 -> 7051413 | K137: =+$K136-$N137 -> 6324534 | L137: =+$L136-$O137 -> 726879 | M137: 178709 | N137: 126630 | O137: 29143
... A209: =+$A208+$A$1 -> 2 | B209: =+$J209/$J$9 -> 0.0076322289 | C209: =2*($A209/$C$1*$D209)*BESSELK(2*($A209/$C$1*$D209),1) -> 0.01047491 | D209: =+(1-$D$2*$A209/$D$1*(1-$D$3*$A209/$D$1))^$D$4 -> 0.80035992 | E209: =+$I209/$I$9 -> 0.017640165 | F209: =+$K209/$K$9 -> 0.015991505 | G209: =+$L209/$L$9 -> 0.00037576854 | H209: =+ABS(LN($C209/$E209)) -> 0.52119548 | I209: =+$I208-$M209 -> 1963787 | J209: =+$J208-$N209-$O209 -> 1570967 | K209: =+$K208-$N209 -> 1529563 | L209: =+$L208-$O209 -> 41404 | M209: 78811 | N209: 59551 | O209: 3459
A210: =+$A209+$A$1 -> 2.01 | B210: =+$J210/$J$9 -> 0.0076322289 | C210: =2*($A210/$C$1*$D210)*BESSELK(2*($A210/$C$1*$D210),1) -> 0.01026298 | D210: =+(1-$D$2*$A210/$D$1*(1-$D$3*$A210/$D$1))^$D$4 -> 0.79946455 | E210: =+$I210/$I$9 -> 0.017640165 | F210: =+$K210/$K$9 -> 0.015991505 | G210: =+$L210/$L$9 -> 0.00037576854 | H210: =+ABS(LN($C210/$E210)) -> 0.54163516 | I210: =+$I209-$M210 -> 1963787 | J210: =+$J209-$N210-$O210 -> 1570967 | K210: =+$K209-$N210 -> 1529563 | L210: =+$L209-$O210 -> 41404
A211: =+$A210+$A$1 -> 2.02 | B211: =+$J211/$J$9 -> 0.0073387876 | C211: =2*($A211/$C$1*$D211)*BESSELK(2*($A211/$C$1*$D211),1) -> 0.010055786 | D211: =+(1-$D$2*$A211/$D$1*(1-$D$3*$A211/$D$1))^$D$4 -> 0.79857046 | E211: =+$I211/$I$9 -> 0.016956085 | F211: =+$K211/$K$9 -> 0.015393482 | G211: =+$L211/$L$9 -> 0.00034672644 | H211: =+ABS(LN($C211/$E211)) -> 0.52247854 | I211: =+$I210-$M211 -> 1887632 | J211: =+$J210-$N211-$O211 -> 1510567 | K211: =+$K210-$N211 -> 1472363 | L211: =+$L210-$O211 -> 38204 | M211: 76155 | N211: 57200 | O211: 3200
A212: =+$A211+$A$1 -> 2.03 | B212: =+$J212/$J$9 -> 0.0073387876 | C212: =2*($A212/$C$1*$D212)*BESSELK(2*($A212/$C$1*$D212),1) -> 0.0098532154 | D212: =+(1-$D$2*$A212/$D$1*(1-$D$3*$A212/$D$1))^$D$4 -> 0.79767764 | E212: =+$I212/$I$9 -> 0.016956085 | F212: =+$K212/$K$9 -> 0.015393482 | G212: =+$L212/$L$9 -> 0.00034672644 | H212: =+ABS(LN($C212/$E212)) -> 0.54282892 | I212: =+$I211-$M212 -> 1887632 | J212: =+$J211-$N212-$O212 -> 1510567 | K212: =+$K211-$N212 -> 1472363 | L212: =+$L211-$O212 -> 38204
A213: =+$A212+$A$1 -> 2.04 | B213: =+$J213/$J$9 -> 0.0070556847 | C213: =2*($A213/$C$1*$D213)*BESSELK(2*($A213/$C$1*$D213),1) -> 0.0096551552 | D213: =+(1-$D$2*$A213/$D$1*(1-$D$3*$A213/$D$1))^$D$4 -> 0.79678609 | E213: =+$I213/$I$9 -> 0.016295181 | F213: =+$K213/$K$9 -> 0.014815543 | G213: =+$L213/$L$9 -> 0.00031956299 | H213: =+ABS(LN($C213/$E213)) -> 0.52337741 | I213: =+$I212-$M213 -> 1814057 | J213: =+$J212-$N213-$O213 -> 1452295 | K213: =+$K212-$N213 -> 1417084 | L213: =+$L212-$O213 -> 35211 | M213: 73575 | N213: 55279 | O213: 2993
A214: =+$A213+$A$1 -> 2.05 | B214: =+$J214/$J$9 -> 0.0070556847 | C214: =2*($A214/$C$1*$D214)*BESSELK(2*($A214/$C$1*$D214),1) -> 0.009461497 | D214: =+(1-$D$2*$A214/$D$1*(1-$D$3*$A214/$D$1))^$D$4 -> 0.79589582 | E214: =+$I214/$I$9 -> 0.016295181 | F214: =+$K214/$K$9 -> 0.014815543 | G214: =+$L214/$L$9 -> 0.00031956299 | H214: =+ABS(LN($C214/$E214)) -> 0.54363879 | I214: =+$I213-$M214 -> 1814057 | J214: =+$J213-$N214-$O214 -> 1452295 | K214: =+$K213-$N214 -> 1417084 | L214: =+$L213-$O214 -> 35211
A215: =+$A214+$A$1 -> 2.06 | B215: =+$J215/$J$9 -> 0.0067843972 | C215: =2*($A215/$C$1*$D215)*BESSELK(2*($A215/$C$1*$D215),1) -> 0.0092721346 | D215: =+(1-$D$2*$A215/$D$1*(1-$D$3*$A215/$D$1))^$D$4 -> 0.79500684 | E215: =+$I215/$I$9 -> 0.015659266 | F215: =+$K215/$K$9 -> 0.014260354 | G215: =+$L215/$L$9 -> 0.00029472292 | H215: =+ABS(LN($C215/$E215)) -> 0.52404923 | I215: =+$I214-$M215 -> 1743264 | J215: =+$J214-$N215-$O215 -> 1396455 | K215: =+$K214-$N215 -> 1363981 | L215: =+$L214-$O215 -> 32474 | M215: 70793 | N215: 53103 | O215: 2737
A216: =+$A215+$A$1 -> 2.07 | B216: =+$J216/$J$9 -> 0.0067843972 | C216: =2*($A216/$C$1*$D216)*BESSELK(2*($A216/$C$1*$D216),1) -> 0.0090869647 | D216: =+(1-$D$2*$A216/$D$1*(1-$D$3*$A216/$D$1))^$D$4 -> 0.79411915 | E216: =+$I216/$I$9 -> 0.015659266 | F216: =+$K216/$K$9 -> 0.014260354 | G216: =+$L216/$L$9 -> 0.00029472292 | H216: =+ABS(LN($C216/$E216)) -> 0.54422191 | I216: =+$I215-$M216 -> 1743264 | J216: =+$J215-$N216-$O216 -> 1396455 | K216: =+$K215-$N216 -> 1363981 | L216: =+$L215-$O216 -> 32474
A217: =+$A216+$A$1 -> 2.08 | B217: =+$J217/$J$9 -> 0.0066535146 | C217: =2*($A217/$C$1*$D217)*BESSELK(2*($A217/$C$1*$D217),1) -> 0.0089058867 | D217: =+(1-$D$2*$A217/$D$1*(1-$D$3*$A217/$D$1))^$D$4 -> 0.79323275 | E217: =+$I217/$I$9 -> 0.015349335 | F217: =+$K217/$K$9 -> 0.013991797 | G217: =+$L217/$L$9 -> 0.00028335112 | H217: =+ABS(LN($C217/$E217)) -> 0.54435969 | I217: =+$I216-$M217 -> 1708761 | J217: =+$J216-$N217-$O217 -> 1369515 | K217: =+$K216-$N217 -> 1338294 | L217: =+$L216-$O217 -> 31221 | M217: 34503 | N217: 25687 | O217: 1253
A218: =+$A217+$A$1 -> 2.09 | B218: =+$J218/$J$9 -> 0.0065249154 | C218: =2*($A218/$C$1*$D218)*BESSELK(2*($A218/$C$1*$D218),1) -> 0.0087288024 | D218: =+(1-$D$2*$A218/$D$1*(1-$D$3*$A218/$D$1))^$D$4 -> 0.79234766 | E218: =+$I218/$I$9 -> 0.015046249 | F218: =+$K218/$K$9 -> 0.013727967 | G218: =+$L218/$L$9 -> 0.00027214268 | H218: =+ABS(LN($C218/$E218)) -> 0.54450055 | I218: =+$I217-$M218 -> 1675020 | J218: =+$J217-$N218-$O218 -> 1343045 | K218: =+$K217-$N218 -> 1313059 | L218: =+$L217-$O218 -> 29986 | M218: 33741 | N218: 25235 | O218: 1235
A219: =+$A218+$A$1 -> 2.1 | B219: =+$J219/$J$9 -> 0.0063983713 | C219: =2*($A219/$C$1*$D219)*BESSELK(2*($A219/$C$1*$D219),1) -> 0.0085556163 | D219: =+(1-$D$2*$A219/$D$1*(1-$D$3*$A219/$D$1))^$D$4 -> 0.79146386 | E219: =+$I219/$I$9 -> 0.014750313 | F219: =+$K219/$K$9 -> 0.013468161 | G219: =+$L219/$L$9 -> 0.00026127912 | H219: =+ABS(LN($C219/$E219)) -> 0.54467637 | I219: =+$I218-$M219 -> 1642075 | J219: =+$J218-$N219-$O219 -> 1316998 | K219: =+$K218-$N219 -> 1288209 | L219: =+$L218-$O219 -> 28789 | M219: 32945 | N219: 24850 | O219: 1197
A220: =+$A219+$A$1 -> 2.11 | B220: =+$J220/$J$9 -> 0.0062740328 | C220: =2*($A220/$C$1*$D220)*BESSELK(2*($A220/$C$1*$D220),1) -> 0.0083862351 | D220: =+(1-$D$2*$A220/$D$1*(1-$D$3*$A220/$D$1))^$D$4 -> 0.79058137 | E220: =+$I220/$I$9 -> 0.014461788 | F220: =+$K220/$K$9 -> 0.013212673 | G220: =+$L220/$L$9 -> 0.00025078766 | H220: =+ABS(LN($C220/$E220)) -> 0.54491817 | I220: =+$I219-$M220 -> 1609955 | J220: =+$J219-$N220-$O220 -> 1291405 | K220: =+$K219-$N220 -> 1263772 | L220: =+$L219-$O220 -> 27633 | M220: 32120 | N220: 24437 | O220: 1156
A221: =+$A220+$A$1 -> 2.12 | B221: =+$J221/$J$9 -> 0.0061524053 | C221: =2*($A221/$C$1*$D221)*BESSELK(2*($A221/$C$1*$D221),1) -> 0.0082205682 | D221: =+(1-$D$2*$A221/$D$1*(1-$D$3*$A221/$D$1))^$D$4 -> 0.78970019 | E221: =+$I221/$I$9 -> 0.014176398 | F221: =+$K221/$K$9 -> 0.012962539 | G221: =+$L221/$L$9 -> 0.00024071368 | H221: =+ABS(LN($C221/$E221)) -> 0.54493912 | I221: =+$I220-$M221 -> 1578184 | J221: =+$J220-$N221-$O221 -> 1266370 | K221: =+$K220-$N221 -> 1239847 | L221: =+$L220-$O221 -> 26523 | M221: 31771 | N221: 23925 | O221: 1110
A222: =+$A221+$A$1 -> 2.13 | B222: =+$J222/$J$9 -> 0.0060333041 | C222: =2*($A222/$C$1*$D222)*BESSELK(2*($A222/$C$1*$D222),1) -> 0.0080585269 | D222: =+(1-$D$2*$A222/$D$1*(1-$D$3*$A222/$D$1))^$D$4 -> 0.78882033 | E222: =+$I222/$I$9 -> 0.013897888 | F222: =+$K222/$K$9 -> 0.012717517 | G222: =+$L222/$L$9 -> 0.00023092104 | H222: =+ABS(LN($C222/$E222)) -> 0.54500613 | I222: =+$I221-$M222 -> 1547179 | J222: =+$J221-$N222-$O222 -> 1241855 | K222: =+$K221-$N222 -> 1216411 | L222: =+$L221-$O222 -> 25444 | M222: 31005 | N222: 23436 | O222: 1079
A223: =+$A222+$A$1 -> 2.14 | B223: =+$J223/$J$9 -> 0.0059161947 | C223: =2*($A223/$C$1*$D223)*BESSELK(2*($A223/$C$1*$D223),1) -> 0.007900025 | D223: =+(1-$D$2*$A223/$D$1*(1-$D$3*$A223/$D$1))^$D$4 -> 0.78794179 | E223: =+$I223/$I$9 -> 0.013626053 | F223: =+$K223/$K$9 -> 0.012475819 | G223: =+$L223/$L$9 -> 0.00022196337 | H223: =+ABS(LN($C223/$E223)) -> 0.54511769 | I223: =+$I222-$M223 -> 1516917 | J223: =+$J222-$N223-$O223 -> 1217750 | K223: =+$K222-$N223 -> 1193293 | L223: =+$L222-$O223 -> 24457 | M223: 30262 | N223: 23118 | O223: 987
A224: =+$A223+$A$1 -> 2.15 | B224: =+$J224/$J$9 -> 0.0058014514 | C224: =2*($A224/$C$1*$D224)*BESSELK(2*($A224/$C$1*$D224),1) -> 0.0077449786 | D224: =+(1-$D$2*$A224/$D$1*(1-$D$3*$A224/$D$1))^$D$4 -> 0.78706457 | E224: =+$I224/$I$9 -> 0.013358269 | F224: =+$K224/$K$9 -> 0.012239192 | G224: =+$L224/$L$9 -> 0.00021302384 | H224: =+ABS(LN($C224/$E224)) -> 0.54509087 | I224: =+$I223-$M224 -> 1487106 | J224: =+$J223-$N224-$O224 -> 1194132 | K224: =+$K223-$N224 -> 1170660 | L224: =+$L223-$O224 -> 23472 | M224: 29811 | N224: 22633 | O224: 985
A225: =+$A224+$A$1 -> 2.16 | B225: =+$J225/$J$9 -> 0.0056885008 | C225: =2*($A225/$C$1*$D225)*BESSELK(2*($A225/$C$1*$D225),1) -> 0.0075933056 | D225: =+(1-$D$2*$A225/$D$1*(1-$D$3*$A225/$D$1))^$D$4 -> 0.78618868 | E225: =+$I225/$I$9 -> 0.013095165 | F225: =+$K225/$K$9 -> 0.012006308 | G225: =+$L225/$L$9 -> 0.00020418415 | H225: =+ABS(LN($C225/$E225)) -> 0.54497604 | I225: =+$I224-$M225 -> 1457816 | J225: =+$J224-$N225-$O225 -> 1170883 | K225: =+$K224-$N225 -> 1148385 | L225: =+$L224-$O225 -> 22498 | M225: 29290 | N225: 22275 | O225: 974
A226: =+$A225+$A$1 -> 2.17 | B226: =+$J226/$J$9 -> 0.0055787129 | C226: =2*($A226/$C$1*$D226)*BESSELK(2*($A226/$C$1*$D226),1) -> 0.0074449262 | D226: =+(1-$D$2*$A226/$D$1*(1-$D$3*$A226/$D$1))^$D$4 -> 0.78531413 | E226: =+$I226/$I$9 -> 0.012836004 | F226: =+$K226/$K$9 -> 0.011779948 | G226: =+$L226/$L$9 -> 0.0001955895 | H226: =+ABS(LN($C226/$E226)) -> 0.54472128 | I226: =+$I225-$M226 -> 1428965 | J226: =+$J225-$N226-$O226 -> 1148285 | K226: =+$K225-$N226 -> 1126734 | L226: =+$L225-$O226 -> 21551 | M226: 28851 | N226: 21651 | O226: 947
A227: =+$A226+$A$1 -> 2.18 | B227: =+$J227/$J$9 -> 0.005471466 | C227: =2*($A227/$C$1*$D227)*BESSELK(2*($A227/$C$1*$D227),1) -> 0.0072997626 | D227: =+(1-$D$2*$A227/$D$1*(1-$D$3*$A227/$D$1))^$D$4 -> 0.78444091 | E227: =+$I227/$I$9 -> 0.01258323 | F227: =+$K227/$K$9 -> 0.011558104 | G227: =+$L227/$L$9 -> 0.00018782074 | H227: =+ABS(LN($C227/$E227)) -> 0.54452315 | I227: =+$I226-$M227 -> 1400825 | J227: =+$J226-$N227-$O227 -> 1126210 | K227: =+$K226-$N227 -> 1105515 | L227: =+$L226-$O227 -> 20695 | M227: 28140 | N227: 21219 | O227: 856
A228: =+$A227+$A$1 -> 2.19 | B228: =+$J228/$J$9 -> 0.0053655405 | C228: =2*($A228/$C$1*$D228)*BESSELK(2*($A228/$C$1*$D228),1) -> 0.007157739 | D228: =+(1-$D$2*$A228/$D$1*(1-$D$3*$A228/$D$1))^$D$4 -> 0.78356904 | E228: =+$I228/$I$9 -> 0.012335334 | F228: =+$K228/$K$9 -> 0.011338195 | G228: =+$L228/$L$9 -> 0.00018084156 | H228: =+ABS(LN($C228/$E228)) -> 0.54427366 | I228: =+$I227-$M228 -> 1373228 | J228: =+$J227-$N228-$O228 -> 1104407 | K228: =+$K227-$N228 -> 1084481 | L228: =+$L227-$O228 -> 19926 | M228: 27597 | N228: 21034 | O228: 769
... A234: =+$A233+$A$1 -> 2.25 | B234: =+$J234/$J$9 -> 0.00468121 | C234: =2*($A234/$C$1*$D234)*BESSELK(2*($A234/$C$1*$D234),1) -> 0.006367521 | D234: =+(1-$D$2*$A234/$D$1*(1-$D$3*$A234/$D$1))^$D$4 -> 0.77836624 | E234: =+$I234/$I$9 -> 0.010736714 | F234: =+$K234/$K$9 -> 0.009913363 | G234: =+$L234/$L$9 -> 0.00013932043 | H234: =+ABS(LN($C234/$E234)) -> 0.52245881 | I234: =+$I233-$M234 -> 1195262 | J234: =+$J233-$N234-$O234 -> 963549 | K234: =+$K233-$N234 -> 948198 | L234: =+$L233-$O234 -> 15351 | M234: 48525 | N234: 36952 | O234: 1136
A235: =+$A234+$A$1 -> 2.26 | B235: =+$J235/$J$9 -> 0.00468121 | C235: =2*($A235/$C$1*$D235)*BESSELK(2*($A235/$C$1*$D235),1) -> 0.0062455067 | D235: =+(1-$D$2*$A235/$D$1*(1-$D$3*$A235/$D$1))^$D$4 -> 0.77750389 | E235: =+$I235/$I$9 -> 0.010736714 | F235: =+$K235/$K$9 -> 0.009913363 | G235: =+$L235/$L$9 -> 0.00013932043 | H235: =+ABS(LN($C235/$E235)) -> 0.54180676 | I235: =+$I234-$M235 -> 1195262 | J235: =+$J234-$N235-$O235 -> 963549 | K235: =+$K234-$N235 -> 948198 | L235: =+$L234-$O235 -> 15351
A236: =+$A235+$A$1 -> 2.27 | B236: =+$J236/$J$9 -> 0.0045029007 | C236: =2*($A236/$C$1*$D236)*BESSELK(2*($A236/$C$1*$D236),1) -> 0.0061260901 | D236: =+(1-$D$2*$A236/$D$1*(1-$D$3*$A236/$D$1))^$D$4 -> 0.77664292 | E236: =+$I236/$I$9 -> 0.010319313 | F236: =+$K236/$K$9 -> 0.0095407799 | G236: =+$L236/$L$9 -> 0.00012965485 | H236: =+ABS(LN($C236/$E236)) -> 0.52146047 | I236: =+$I235-$M236 -> 1148795 | J236: =+$J235-$N236-$O236 -> 926847 | K236: =+$K235-$N236 -> 912561 | L236: =+$L235-$O236 -> 14286 | M236: 46467 | N236: 35637 | O236: 1065
A237: =+$A236+$A$1 -> 2.28 | B237: =+$J237/$J$9 -> 0.0045029007 | C237: =2*($A237/$C$1*$D237)*BESSELK(2*($A237/$C$1*$D237),1) -> 0.0060092108 | D237: =+(1-$D$2*$A237/$D$1*(1-$D$3*$A237/$D$1))^$D$4 -> 0.77578333 | E237: =+$I237/$I$9 -> 0.010319313 | F237: =+$K237/$K$9 -> 0.0095407799 | G237: =+$L237/$L$9 -> 0.00012965485 | H237: =+ABS(LN($C237/$E237)) -> 0.54072376 | I237: =+$I236-$M237 -> 1148795 | J237: =+$J236-$N237-$O237 -> 926847 | K237: =+$K236-$N237 -> 912561 | L237: =+$L236-$O237 -> 14286
A238: =+$A237+$A$1 -> 2.29 | B238: =+$J238/$J$9 -> 0.0043311792 | C238: =2*($A238/$C$1*$D238)*BESSELK(2*($A238/$C$1*$D238),1) -> 0.00589481 | D238: =+(1-$D$2*$A238/$D$1*(1-$D$3*$A238/$D$1))^$D$4 -> 0.77492513 | E238: =+$I238/$I$9 -> 0.0099193391 | F238: =+$K238/$K$9 -> 0.0091820915 | G238: =+$L238/$L$9 -> 0.00012023432 | H238: =+ABS(LN($C238/$E238)) -> 0.520414 | I238: =+$I237-$M238 -> 1104268 | J238: =+$J237-$N238-$O238 -> 891501 | K238: =+$K237-$N238 -> 878253 | L238: =+$L237-$O238 -> 13248 | M238: 44527 | N238: 34308 | O238: 1038
A239: =+$A238+$A$1 -> 2.3 | B239: =+$J239/$J$9 -> 0.0043311792 | C239: =2*($A239/$C$1*$D239)*BESSELK(2*($A239/$C$1*$D239),1) -> 0.0057828302 | D239: =+(1-$D$2*$A239/$D$1*(1-$D$3*$A239/$D$1))^$D$4 -> 0.77406832 | E239: =+$I239/$I$9 -> 0.0099193391 | F239: =+$K239/$K$9 -> 0.0091820915 | G239: =+$L239/$L$9 -> 0.00012023432 | H239: =+ABS(LN($C239/$E239)) -> 0.53959309 | I239: =+$I238-$M239 -> 1104268 | J239: =+$J238-$N239-$O239 -> 891501 | K239: =+$K238-$N239 -> 878253 | L239: =+$L238-$O239 -> 13248
A240: =+$A239+$A$1 -> 2.31 | B240: =+$J240/$J$9 -> 0.0041667695 | C240: =2*($A240/$C$1*$D240)*BESSELK(2*($A240/$C$1*$D240),1) -> 0.0056732154 | D240: =+(1-$D$2*$A240/$D$1*(1-$D$3*$A240/$D$1))^$D$4 -> 0.77321291 | E240: =+$I240/$I$9 -> 0.0095363066 | F240: =+$K240/$K$9 -> 0.0088376531 | G240: =+$L240/$L$9 -> 0.00011210253 | H240: =+ABS(LN($C240/$E240)) -> 0.51935023 | I240: =+$I239-$M240 -> 1061627 | J240: =+$J239-$N240-$O240 -> 857660 | K240: =+$K239-$N240 -> 845308 | L240: =+$L239-$O240 -> 12352 | M240: 42641 | N240: 32945 | O240: 896
A241: =+$A240+$A$1 -> 2.32 | B241: =+$J241/$J$9 -> 0.0041667695 | C241: =2*($A241/$C$1*$D241)*BESSELK(2*($A241/$C$1*$D241),1) -> 0.005565911 | D241: =+(1-$D$2*$A241/$D$1*(1-$D$3*$A241/$D$1))^$D$4 -> 0.7723589 | E241: =+$I241/$I$9 -> 0.0095363066 | F241: =+$K241/$K$9 -> 0.0088376531 | G241: =+$L241/$L$9 -> 0.00011210253 | H241: =+ABS(LN($C241/$E241)) -> 0.53844559 | I241: =+$I240-$M241 -> 1061627 | J241: =+$J240-$N241-$O241 -> 857660 | K241: =+$K240-$N241 -> 845308 | L241: =+$L240-$O241 -> 12352
A242: =+$A241+$A$1 -> 2.33 | B242: =+$J242/$J$9 -> 0.0040868748 | C242: =2*($A242/$C$1*$D242)*BESSELK(2*($A242/$C$1*$D242),1) -> 0.0054608638 | D242: =+(1-$D$2*$A242/$D$1*(1-$D$3*$A242/$D$1))^$D$4 -> 0.77150629 | E242: =+$I242/$I$9 -> 0.0093500408 | F242: =+$K242/$K$9 -> 0.0086700916 | G242: =+$L242/$L$9 -> 0.0001083089 | H242: =+ABS(LN($C242/$E242)) -> 0.53777372 | I242: =+$I241-$M242 -> 1040891 | J242: =+$J241-$N242-$O242 -> 841215 | K242: =+$K241-$N242 -> 829281 | L242: =+$L241-$O242 -> 11934 | M242: 20736 | N242: 16027 | O242: 418
A243: =+$A242+$A$1 -> 2.34 | B243: =+$J243/$J$9 -> 0.0040086464 | C243: =2*($A243/$C$1*$D243)*BESSELK(2*($A243/$C$1*$D243),1) -> 0.0053580219 | D243: =+(1-$D$2*$A243/$D$1*(1-$D$3*$A243/$D$1))^$D$4 -> 0.7706551 | E243: =+$I243/$I$9 -> 0.0091664877 | F243: =+$K243/$K$9 -> 0.0085062417 | G243: =+$L243/$L$9 -> 0.00010440637 | H243: =+ABS(LN($C243/$E243)) -> 0.53695934 | I243: =+$I242-$M243 -> 1020457 | J243: =+$J242-$N243-$O243 -> 825113 | K243: =+$K242-$N243 -> 813609 | L243: =+$L242-$O243 -> 11504 | M243: 20434 | N243: 15672 | O243: 430
A244: =+$A243+$A$1 -> 2.35 | B244: =+$J244/$J$9 -> 0.0039333185 | C244: =2*($A244/$C$1*$D244)*BESSELK(2*($A244/$C$1*$D244),1) -> 0.0052573346 | D244: =+(1-$D$2*$A244/$D$1*(1-$D$3*$A244/$D$1))^$D$4 -> 0.76980533 | E244: =+$I244/$I$9 -> 0.0089872823 | F244: =+$K244/$K$9 -> 0.0083482674 | G244: =+$L244/$L$9 -> 0.00010082148 | H244: =+ABS(LN($C244/$E244)) -> 0.53618634 | I244: =+$I243-$M244 -> 1000507 | J244: =+$J243-$N244-$O244 -> 809608 | K244: =+$K243-$N244 -> 798499 | L244: =+$L243-$O244 -> 11109 | M244: 19950 | N244: 15110 | O244: 395
A245: =+$A244+$A$1 -> 2.36 | B245: =+$J245/$J$9 -> 0.0038589719 | C245: =2*($A245/$C$1*$D245)*BESSELK(2*($A245/$C$1*$D245),1) -> 0.0051587524 | D245: =+(1-$D$2*$A245/$D$1*(1-$D$3*$A245/$D$1))^$D$4 -> 0.76895697 | E245: =+$I245/$I$9 -> 0.008810089 | F245: =+$K245/$K$9 -> 0.0081923109 | G245: =+$L245/$L$9 -> 9.731828e-05 | H245: =+ABS(LN($C245/$E245)) -> 0.53520277 | I245: =+$I244-$M245 -> 980781 | J245: =+$J244-$N245-$O245 -> 794305 | K245: =+$K244-$N245 -> 783582 | L245: =+$L244-$O245 -> 10723 | M245: 19726 | N245: 14917 | O245: 386
A246: =+$A245+$A$1 -> 2.37 | B246: =+$J246/$J$9 -> 0.0037856942 | C246: =2*($A246/$C$1*$D246)*BESSELK(2*($A246/$C$1*$D246),1) -> 0.0050622273 | D246: =+(1-$D$2*$A246/$D$1*(1-$D$3*$A246/$D$1))^$D$4 -> 0.76811004 | E246: =+$I246/$I$9 -> 0.0086403244 | F246: =+$K246/$K$9 -> 0.0080383408 | G246: =+$L246/$L$9 -> 9.4087346e-05 | H246: =+ABS(LN($C246/$E246)) -> 0.53463357 | I246: =+$I245-$M246 -> 961882 | J246: =+$J245-$N246-$O246 -> 779222 | K246: =+$K245-$N246 -> 768855 | L246: =+$L245-$O246 -> 10367 | M246: 18899 | N246: 14727 | O246: 356
A247: =+$A246+$A$1 -> 2.38 | B247: =+$J247/$J$9 -> 0.003712776 | C247: =2*($A247/$C$1*$D247)*BESSELK(2*($A247/$C$1*$D247),1) -> 0.0049677122 | D247: =+(1-$D$2*$A247/$D$1*(1-$D$3*$A247/$D$1))^$D$4 -> 0.76726454 | E247: =+$I247/$I$9 -> 0.008472051 | F247: =+$K247/$K$9 -> 0.0078849981 | G247: =+$L247/$L$9 -> 9.0983471e-05 | H247: =+ABS(LN($C247/$E247)) -> 0.53381321 | I247: =+$I246-$M247 -> 943149 | J247: =+$J246-$N247-$O247 -> 764213 | K247: =+$K246-$N247 -> 754188 | L247: =+$L246-$O247 -> 10025 | M247: 18733 | N247: 14667 | O247: 342
A248: =+$A247+$A$1 -> 2.39 | B248: =+$J248/$J$9 -> 0.0036412035 | C248: =2*($A248/$C$1*$D248)*BESSELK(2*($A248/$C$1*$D248),1) -> 0.0048751612 | D248: =+(1-$D$2*$A248/$D$1*(1-$D$3*$A248/$D$1))^$D$4 -> 0.76642047 | E248: =+$I248/$I$9 -> 0.0083079006 | F248: =+$K248/$K$9 -> 0.007734865 | G248: =+$L248/$L$9 -> 8.7607326e-05 | H248: =+ABS(LN($C248/$E248)) -> 0.53305376 | I248: =+$I247-$M248 -> 924875 | J248: =+$J247-$N248-$O248 -> 749481 | K248: =+$K247-$N248 -> 739828 | L248: =+$L247-$O248 -> 9653 | M248: 18274 | N248: 14360 | O248: 372
A249: =+$A248+$A$1 -> 2.4 | B249: =+$J249/$J$9 -> 0.0035717347 | C249: =2*($A249/$C$1*$D249)*BESSELK(2*($A249/$C$1*$D249),1) -> 0.0047845297 | D249: =+(1-$D$2*$A249/$D$1*(1-$D$3*$A249/$D$1))^$D$4 -> 0.76557785 | E249: =+$I249/$I$9 -> 0.0081455647 | F249: =+$K249/$K$9 -> 0.0075887048 | G249: =+$L249/$L$9 -> 8.4712191e-05 | H249: =+ABS(LN($C249/$E249)) -> 0.53208584 | I249: =+$I248-$M249 -> 906803 | J249: =+$J248-$N249-$O249 -> 735182 | K249: =+$K248-$N249 -> 725848 | L249: =+$L248-$O249 -> 9334 | M249: 18072 | N249: 13980 | O249: 319
...

Sheet east_coast
A1: 0.01 | C1: 0.81 | D1: 26 | G1: 10000 | H1: 123.03273 | I1: 96.436022 | K1: =+SUM(K10:K1494) -> 301.59731 | M1: Best fit | N1: 0.8 | O1: 25.13286
C2: 1 | D2: 2.7 | G2: 2.5 | N2: 1 | O2: 2.6020874
C3: 2 | D3: 1.05 | G3: 2 | N3: 2 | O3: 0.97
D4: 0.5 | G4: =+$G$2*$G$3 -> 5
P6: =+SUM($P10:$P5000) -> 30296756
L7: Cumulative | M7: Cumulative | N7: Cumulative | O7: Cumulative
L8: RMS | M8: chop&swell | N8: chop | O8: swell | P8: RMS | Q8: chop | R8: swell
B9: chop&swell | C9: Model | D9: Nonlinear | G9: Nonlinear | H9: RMS | I9: chop | J9: swell | L9: =+P9 -> 30296756 | M9: =+$Q9+$R9 -> 45108100 | N9: =+$Q9 -> 14811357 | O9: =+$R9 -> 30296743 | P9: =+SUM($P10:$P5000) -> 30296756 | Q9: =+SUM(Q10:Q5000) -> 14811357 | R9: =+SUM(R10:R5000) -> 30296743
A10: 0.01 | B10: =+$M10/$M$9 -> 0.97989006 | C10: =2*(($A10/$C$1*$D10)^$C$2)^$C$3*BESSELK(2*(($A10/$C$1)*$D10)^$C$2,$C$3)/FACT($C$3-1) -> 0.99984785 | D10: =+(1-$D$2*$A10/$D$1*(1-$D$3*$A10/$D$1))^$D$4 -> 0.99948084 | G10: =+SQRT(1-$G$2*$A10/$G$1*(1-$G$3*$A10/$G$1)) -> 0.99999875 | H10: =+$L10/$L$9 -> 0.99988022 | I10: =+$N10/$N$9 -> 0.93900019 | J10: =+$O10/$O$9 -> 0.99988015 | K10: =+ABS(LN($C10/$H10)) -> 3.2374261e-05 | L10: =+$L9-$P10 -> 30293127 | M10: =+$M9-$Q10-$R10 -> 44200979 | N10: =+$N9-$Q10 -> 13907867 | O10: =+$O9-$R10 -> 30293112 | P10: 3629 | Q10: 903490 | R10: 3631
A11: =+$A10+$A$1 -> 0.02 | B11: =+$M11/$M$9 -> 0.9665191 | C11: =2*(($A11/$C$1*$D11)^$C$2)^$C$3*BESSELK(2*(($A11/$C$1)*$D11)^$C$2,$C$3)/FACT($C$3-1) -> 0.99939304 | D11: =+(1-$D$2*$A11/$D$1*(1-$D$3*$A11/$D$1))^$D$4 -> 0.99896184 | G11: =+SQRT(1-$G$2*$A11/$G$1*(1-$G$3*$A11/$G$1)) -> 0.9999975 | H11: =+$L11/$L$9 -> 0.99954946 | I11: =+$N11/$N$9 -> 0.89895592 | J11: =+$O11/$O$9 -> 0.99954913 | K11: =+ABS(LN($C11/$H11)) -> 0.00015650264 | L11: =+$L10-$P11 -> 30283106 | M11: =+$M10-$Q11-$R11 -> 43597840 | N11: =+$N10-$Q11 -> 13314757 | O11: =+$O10-$R11 -> 30283083 | P11: 10021 | Q11: 593110 | R11: 10029
A12: =+$A11+$A$1 -> 0.03 | B12: =+$M12/$M$9 -> 0.95475048 | C12: =2*(($A12/$C$1*$D12)^$C$2)^$C$3*BESSELK(2*(($A12/$C$1)*$D12)^$C$2,$C$3)/FACT($C$3-1) -> 0.99863902 | D12: =+(1-$D$2*$A12/$D$1*(1-$D$3*$A12/$D$1))^$D$4 -> 0.99844298 | G12: =+SQRT(1-$G$2*$A12/$G$1*(1-$G$3*$A12/$G$1)) -> 0.99999625 | H12: =+$L12/$L$9 -> 0.99898719 | I12: =+$N12/$N$9 -> 0.86426706 | J12: =+$O12/$O$9 -> 0.99898567 | K12: =+ABS(LN($C12/$H12)) -> 0.00034857995 | L12: =+$L11-$P12 -> 30266071 | M12: =+$M11-$Q12-$R12 -> 43066980 | N12: =+$N11-$Q12 -> 12800968 | O12: =+$O11-$R12 -> 30266012 | P12: 17035 | Q12: 513789 | R12: 17071
A13: =+$A12+$A$1 -> 0.04 | B13: =+$M13/$M$9 -> 0.94444933 | C13: =2*(($A13/$C$1*$D13)^$C$2)^$C$3*BESSELK(2*(($A13/$C$1)*$D13)^$C$2,$C$3)/FACT($C$3-1) -> 0.99759025 | D13: =+(1-$D$2*$A13/$D$1*(1-$D$3*$A13/$D$1))^$D$4 -> 0.99792428 | G13: =+SQRT(1-$G$2*$A13/$G$1*(1-$G$3*$A13/$G$1)) -> 0.999995 | H13: =+$L13/$L$9 -> 0.99826678 | I13: =+$N13/$N$9 -> 0.83437446 | J13: =+$O13/$O$9 -> 0.99826232 | K13: =+ABS(LN($C13/$H13)) -> 0.00067793024 | L13: =+$L12-$P13 -> 30244245 | M13: =+$M12-$Q13-$R13 -> 42602315 | N13: =+$N12-$Q13 -> 12358218 | O13: =+$O12-$R13 -> 30244097 | P13: 21826 | Q13: 442750 | R13: 21915
A14: =+$A13+$A$1 -> 0.05 | B14: =+$M14/$M$9 -> 0.93580656 | C14: =2*(($A14/$C$1*$D14)^$C$2)^$C$3*BESSELK(2*(($A14/$C$1)*$D14)^$C$2,$C$3)/FACT($C$3-1) -> 0.99625195 | D14: =+(1-$D$2*$A14/$D$1*(1-$D$3*$A14/$D$1))^$D$4 -> 0.99740572 | G14: =+SQRT(1-$G$2*$A14/$G$1*(1-$G$3*$A14/$G$1)) -> 0.99999375 | H14: =+$L14/$L$9 -> 0.99737259 | I14: =+$N14/$N$9 -> 0.80989095 | J14: =+$O14/$O$9 -> 0.99736371 | K14: =+ABS(LN($C14/$H14)) -> 0.0011242195 | L14: =+$L13-$P14 -> 30217154 | M14: =+$M13-$Q14-$R14 -> 42212456 | N14: =+$N13-$Q14 -> 11995584 | O14: =+$O13-$R14 -> 30216872 | P14: 27091 | Q14: 362634 | R14: 27225
A15: =+$A14+$A$1 -> 0.06 | B15: =+$M15/$M$9 -> 0.92770383 | C15: =2*(($A15/$C$1*$D15)^$C$2)^$C$3*BESSELK(2*(($A15/$C$1)*$D15)^$C$2,$C$3)/FACT($C$3-1) -> 0.99462994 | D15: =+(1-$D$2*$A15/$D$1*(1-$D$3*$A15/$D$1))^$D$4 -> 0.99688732 | G15: =+SQRT(1-$G$2*$A15/$G$1*(1-$G$3*$A15/$G$1)) -> 0.9999925 | H15: =+$L15/$L$9 -> 0.99631713 | I15: =+$N15/$N$9 -> 0.78738714 | J15: =+$O15/$O$9 -> 0.99630132 | K15: =+ABS(LN($C15/$H15)) -> 0.0016948611 | L15: =+$L14-$P15 -> 30185177 | M15: =+$M14-$Q15-$R15 -> 41846957 | N15: =+$N14-$Q15 -> 11662272 | O15: =+$O14-$R15 -> 30184685 | P15: 31977 | Q15: 333312 | R15: 32187
A16: =+$A15+$A$1 -> 0.07 | B16: =+$M16/$M$9 -> 0.92021225 | C16: =2*(($A16/$C$1*$D16)^$C$2)^$C$3*BESSELK(2*(($A16/$C$1)*$D16)^$C$2,$C$3)/FACT($C$3-1) -> 0.99273051 | D16: =+(1-$D$2*$A16/$D$1*(1-$D$3*$A16/$D$1))^$D$4 -> 0.99636907 | G16: =+SQRT(1-$G$2*$A16/$G$1*(1-$G$3*$A16/$G$1)) -> 0.99999125 | H16: =+$L16/$L$9 -> 0.99510492 | I16: =+$N16/$N$9 -> 0.76706679 | J16: =+$O16/$O$9 -> 0.99508142 | K16: =+ABS(LN($C16/$H16)) -> 0.0023889458 | L16: =+$L15-$P16 -> 30148451 | M16: =+$M15-$Q16-$R16 -> 41509026 | N16: =+$N15-$Q16 -> 11361300 | O16: =+$O15-$R16 -> 30147726 | P16: 36726 | Q16: 300972 | R16: 36959
A17: =+$A16+$A$1 -> 0.08 | B17: =+$M17/$M$9 -> 0.91336798 | C17: =2*(($A17/$C$1*$D17)^$C$2)^$C$3*BESSELK(2*(($A17/$C$1)*$D17)^$C$2,$C$3)/FACT($C$3-1) -> 0.99056033 | D17: =+(1-$D$2*$A17/$D$1*(1-$D$3*$A17/$D$1))^$D$4 -> 0.99585097 | G17: =+SQRT(1-$G$2*$A17/$G$1*(1-$G$3*$A17/$G$1)) -> 0.99999 | H17: =+$L17/$L$9 -> 0.99373507 | I17: =+$N17/$N$9 -> 0.74904845 | J17: =+$O17/$O$9 -> 0.99369988 | K17: =+ABS(LN($C17/$H17)) -> 0.0031998754 | L17: =+$L16-$P17 -> 30106949 | M17: =+$M16-$Q17-$R17 -> 41200294 | N17: =+$N16-$Q17 -> 11094424 | O17: =+$O16-$R17 -> 30105870 | P17: 41502 | Q17: 266876 | R17: 41856
A18: =+$A17+$A$1 -> 0.09 | B18: =+$M18/$M$9 -> 0.90665337 | C18: =2*(($A18/$C$1*$D18)^$C$2)^$C$3*BESSELK(2*(($A18/$C$1)*$D18)^$C$2,$C$3)/FACT($C$3-1) -> 0.98812638 | D18: =+(1-$D$2*$A18/$D$1*(1-$D$3*$A18/$D$1))^$D$4 -> 0.99533302 | G18: =+SQRT(1-$G$2*$A18/$G$1*(1-$G$3*$A18/$G$1)) -> 0.99998875 | H18: =+$L18/$L$9 -> 0.99219553 | I18: =+$N18/$N$9 -> 0.73178697 | J18: =+$O18/$O$9 -> 0.9921414 | K18: =+ABS(LN($C18/$H18)) -> 0.0041095989 | L18: =+$L17-$P18 -> 30060306 | M18: =+$M17-$Q18-$R18 -> 40897411 | N18: =+$N17-$Q18 -> 10838758 | O18: =+$O17-$R18 -> 30058653 | P18: 46643 | Q18: 255666 | R18: 47217
A19: =+$A18+$A$1 -> 0.1 | B19: =+$M19/$M$9 -> 0.90036616 | C19: =2*(($A19/$C$1*$D19)^$C$2)^$C$3*BESSELK(2*(($A19/$C$1)*$D19)^$C$2,$C$3)/FACT($C$3-1) -> 0.98543587 | D19: =+(1-$D$2*$A19/$D$1*(1-$D$3*$A19/$D$1))^$D$4 -> 0.99481522 | G19: =+SQRT(1-$G$2*$A19/$G$1*(1-$G$3*$A19/$G$1)) -> 0.9999875 | H19: =+$L19/$L$9 -> 0.99050714 | I19: =+$N19/$N$9 -> 0.71613803 | J19: =+$O19/$O$9 -> 0.99043092 | K19: =+ABS(LN($C19/$H19)) -> 0.0051330143 | L19: =+$L18-$P19 -> 30009153 | M19: =+$M18-$Q19-$R19 -> 40613807 | N19: =+$N18-$Q19 -> 10606976 | O19: =+$O18-$R19 -> 30006831 | P19: 51153 | Q19: 231782 | R19: 51822
A20: =+$A19+$A$1 -> 0.11 | B20: =+$M20/$M$9 -> 0.89406377 | C20: =2*(($A20/$C$1*$D20)^$C$2)^$C$3*BESSELK(2*(($A20/$C$1)*$D20)^$C$2,$C$3)/FACT($C$3-1) -> 0.98249623 | D20: =+(1-$D$2*$A20/$D$1*(1-$D$3*$A20/$D$1))^$D$4 -> 0.99429758 | G20: =+SQRT(1-$G$2*$A20/$G$1*(1-$G$3*$A20/$G$1)) -> 0.99998625 | H20: =+$L20/$L$9 -> 0.98865651 | I20: =+$N20/$N$9 -> 0.7008029 | J20: =+$O20/$O$9 -> 0.98854441 | K20: =+ABS(LN($C20/$H20)) -> 0.0062504565 | L20: =+$L19-$P20 -> 29953085 | M20: =+$M19-$Q20-$R20 -> 40329518 | N20: =+$N19-$Q20 -> 10379842 | O20: =+$O19-$R20 -> 29949676 | P20: 56068 | Q20: 227134 | R20: 57155
A21: =+$A20+$A$1 -> 0.12 | B21: =+$M21/$M$9 -> 0.88791248 | C21: =2*(($A21/$C$1*$D21)^$C$2)^$C$3*BESSELK(2*(($A21/$C$1)*$D21)^$C$2,$C$3)/FACT($C$3-1) -> 0.97931497 | D21: =+(1-$D$2*$A21/$D$1*(1-$D$3*$A21/$D$1))^$D$4 -> 0.99378008 | G21: =+SQRT(1-$G$2*$A21/$G$1*(1-$G$3*$A21/$G$1)) -> 0.999985 | H21: =+$L21/$L$9 -> 0.98669039 | I21: =+$N21/$N$9 -> 0.68620228 | J21: =+$O21/$O$9 -> 0.9865238 | K21: =+ABS(LN($C21/$H21)) -> 0.0075029842 | L21: =+$L20-$P21 -> 29893518 | M21: =+$M20-$Q21-$R21 -> 40052045 | N21: =+$N20-$Q21 -> 10163587 | O21: =+$O20-$R21 -> 29888458 | P21: 59567 | Q21: 216255 | R21: 61218
A22: =+$A21+$A$1 -> 0.13 | B22: =+$M22/$M$9 -> 0.8818197 | C22: =2*(($A22/$C$1*$D22)^$C$2)^$C$3*BESSELK(2*(($A22/$C$1)*$D22)^$C$2,$C$3)/FACT($C$3-1) -> 0.97589975 | D22: =+(1-$D$2*$A22/$D$1*(1-$D$3*$A22/$D$1))^$D$4 -> 0.99326274 | G22: =+SQRT(1-$G$2*$A22/$G$1*(1-$G$3*$A22/$G$1)) -> 0.99998375 | H22: =+$L22/$L$9 -> 0.98453217 | I22: =+$N22/$N$9 -> 0.67223516 | J22: =+$O22/$O$9 -> 0.98428059 | K22: =+ABS(LN($C22/$H22)) -> 0.0088067102 | L22: =+$L21-$P22 -> 29828131 | M22: =+$M21-$Q22-$R22 -> 39777211 | N22: =+$N21-$Q22 -> 9956715 | O22: =+$O21-$R22 -> 29820496 | P22: 65387 | Q22: 206872 | R22: 67962
... A37: =+$A36+$A$1 -> 0.28 | B37: =+$M37/$M$9 -> 0.78575212 | C37: =2*(($A37/$C$1*$D37)^$C$2)^$C$3*BESSELK(2*(($A37/$C$1)*$D37)^$C$2,$C$3)/FACT($C$3-1) -> 0.90178911 | D37: =+(1-$D$2*$A37/$D$1*(1-$D$3*$A37/$D$1))^$D$4 -> 0.98552112 | G37: =+SQRT(1-$G$2*$A37/$G$1*(1-$G$3*$A37/$G$1)) -> 0.999965 | H37: =+$L37/$L$9 -> 0.93422646 | I37: =+$N37/$N$9 -> 0.49799043 | J37: =+$O37/$O$9 -> 0.92643196 | K37: =+ABS(LN($C37/$H37)) -> 0.035338179 | L37: =+$L36-$P37 -> 28304031 | M37: =+$M36-$Q37-$R37 -> 35443785 | N37: =+$N36-$Q37 -> 7375914 | O37: =+$O36-$R37 -> 28067871 | P37: 233735 | Q37: 248147 | R37: 281164
A38: =+$A37+$A$1 -> 0.29 | B38: =+$M38/$M$9 -> 0.78575212 | C38: =2*(($A38/$C$1*$D38)^$C$2)^$C$3*BESSELK(2*(($A38/$C$1)*$D38)^$C$2,$C$3)/FACT($C$3-1) -> 0.89565577 | D38: =+(1-$D$2*$A38/$D$1*(1-$D$3*$A38/$D$1))^$D$4 -> 0.98500625 | G38: =+SQRT(1-$G$2*$A38/$G$1*(1-$G$3*$A38/$G$1)) -> 0.99996375 | H38: =+$L38/$L$9 -> 0.93422646 | I38: =+$N38/$N$9 -> 0.49799043 | J38: =+$O38/$O$9 -> 0.92643196 | K38: =+ABS(LN($C38/$H38)) -> 0.04216271 | L38: =+$L37-$P38 -> 28304031 | M38: =+$M37-$Q38-$R38 -> 35443785 | N38: =+$N37-$Q38 -> 7375914 | O38: =+$O37-$R38 -> 28067871
A39: =+$A38+$A$1 -> 0.3 | B39: =+$M39/$M$9 -> 0.77983608 | C39: =2*(($A39/$C$1*$D39)^$C$2)^$C$3*BESSELK(2*(($A39/$C$1)*$D39)^$C$2,$C$3)/FACT($C$3-1) -> 0.88941224 | D39: =+(1-$D$2*$A39/$D$1*(1-$D$3*$A39/$D$1))^$D$4 -> 0.98449154 | G39: =+SQRT(1-$G$2*$A39/$G$1*(1-$G$3*$A39/$G$1)) -> 0.9999625 | H39: =+$L39/$L$9 -> 0.93023695 | I39: =+$N39/$N$9 -> 0.48985917 | J39: =+$O39/$O$9 -> 0.9215989 | K39: =+ABS(LN($C39/$H39)) -> 0.044878506 | L39: =+$L38-$P39 -> 28183162 | M39: =+$M38-$Q39-$R39 -> 35176924 | N39: =+$N38-$Q39 -> 7255479 | O39: =+$O38-$R39 -> 27921445 | P39: 120869 | Q39: 120435 | R39: 146426
A40: =+$A39+$A$1 -> 0.31 | B40: =+$M40/$M$9 -> 0.77385625 | C40: =2*(($A40/$C$1*$D40)^$C$2)^$C$3*BESSELK(2*(($A40/$C$1)*$D40)^$C$2,$C$3)/FACT($C$3-1) -> 0.88306477 | D40: =+(1-$D$2*$A40/$D$1*(1-$D$3*$A40/$D$1))^$D$4 -> 0.98397699 | G40: =+SQRT(1-$G$2*$A40/$G$1*(1-$G$3*$A40/$G$1)) -> 0.99996125 | H40: =+$L40/$L$9 -> 0.92615625 | I40: =+$N40/$N$9 -> 0.48178239 | J40: =+$O40/$O$9 -> 0.91664421 | K40: =+ABS(LN($C40/$H40)) -> 0.047644415 | L40: =+$L39-$P40 -> 28059530 | M40: =+$M39-$Q40-$R40 -> 34907185 | N40: =+$N39-$Q40 -> 7135851 | O40: =+$O39-$R40 -> 27771334 | P40: 123632 | Q40: 119628 | R40: 150111
A41: =+$A40+$A$1 -> 0.32 | B41: =+$M41/$M$9 -> 0.76779536 | C41: =2*(($A41/$C$1*$D41)^$C$2)^$C$3*BESSELK(2*(($A41/$C$1)*$D41)^$C$2,$C$3)/FACT($C$3-1) -> 0.87661948 | D41: =+(1-$D$2*$A41/$D$1*(1-$D$3*$A41/$D$1))^$D$4 -> 0.98346259 | G41: =+SQRT(1-$G$2*$A41/$G$1*(1-$G$3*$A41/$G$1)) -> 0.99996 | H41: =+$L41/$L$9 -> 0.92198396 | I41: =+$N41/$N$9 -> 0.47373391 | J41: =+$O41/$O$9 -> 0.91155501 | K41: =+ABS(LN($C41/$H41)) -> 0.050454814 | L41: =+$L40-$P41 -> 27933123 | M41: =+$M40-$Q41-$R41 -> 34633790 | N41: =+$N40-$Q41 -> 7016642 | O41: =+$O40-$R41 -> 27617148 | P41: 126407 | Q41: 119209 | R41: 154186
A42: =+$A41+$A$1 -> 0.33 | B42: =+$M42/$M$9 -> 0.76168657 | C42: =2*(($A42/$C$1*$D42)^$C$2)^$C$3*BESSELK(2*(($A42/$C$1)*$D42)^$C$2,$C$3)/FACT($C$3-1) -> 0.87008235 | D42: =+(1-$D$2*$A42/$D$1*(1-$D$3*$A42/$D$1))^$D$4 -> 0.98294836 | G42: =+SQRT(1-$G$2*$A42/$G$1*(1-$G$3*$A42/$G$1)) -> 0.99995875 | H42: =+$L42/$L$9 -> 0.91765435 | I42: =+$N42/$N$9 -> 0.46587008 | J42: =+$O42/$O$9 -> 0.90630422 | K42: =+ABS(LN($C42/$H42)) -> 0.053232932 | L42: =+$L41-$P42 -> 27801950 | M42: =+$M41-$Q42-$R42 -> 34358234 | N42: =+$N41-$Q42 -> 6900168 | O42: =+$O41-$R42 -> 27458066 | P42: 131173 | Q42: 116474 | R42: 159082
A43: =+$A42+$A$1 -> 0.34 | B43: =+$M43/$M$9 -> 0.75551214 | C43: =2*(($A43/$C$1*$D43)^$C$2)^$C$3*BESSELK(2*(($A43/$C$1)*$D43)^$C$2,$C$3)/FACT($C$3-1) -> 0.86345921 | D43: =+(1-$D$2*$A43/$D$1*(1-$D$3*$A43/$D$1))^$D$4 -> 0.98243428 | G43: =+SQRT(1-$G$2*$A43/$G$1*(1-$G$3*$A43/$G$1)) -> 0.9999575 | H43: =+$L43/$L$9 -> 0.91325583 | I43: =+$N43/$N$9 -> 0.45804088 | J43: =+$O43/$O$9 -> 0.90093876 | K43: =+ABS(LN($C43/$H43)) -> 0.05606939 | L43: =+$L42-$P43 -> 27668689 | M43: =+$M42-$Q43-$R43 -> 34079717 | N43: =+$N42-$Q43 -> 6784207 | O43: =+$O42-$R43 -> 27295510 | P43: 133261 | Q43: 115961 | R43: 162556
A44: =+$A43+$A$1 -> 0.35 | B44: =+$M44/$M$9 -> 0.74929361 | C44: =2*(($A44/$C$1*$D44)^$C$2)^$C$3*BESSELK(2*(($A44/$C$1)*$D44)^$C$2,$C$3)/FACT($C$3-1) -> 0.85675573 | D44: =+(1-$D$2*$A44/$D$1*(1-$D$3*$A44/$D$1))^$D$4 -> 0.98192036 | G44: =+SQRT(1-$G$2*$A44/$G$1*(1-$G$3*$A44/$G$1)) -> 0.99995625 | H44: =+$L44/$L$9 -> 0.90879406 | I44: =+$N44/$N$9 -> 0.45026462 | J44: =+$O44/$O$9 -> 0.89548177 | K44: =+ABS(LN($C44/$H44)) -> 0.05896567 | L44: =+$L43-$P44 -> 27533512 | M44: =+$M43-$Q44-$R44 -> 33799211 | N44: =+$N43-$Q44 -> 6669030 | O44: =+$O43-$R44 -> 27130181 | P44: 135177 | Q44: 115177 | R44: 165329
A45: =+$A44+$A$1 -> 0.36 | B45: =+$M45/$M$9 -> 0.74304763 | C45: =2*(($A45/$C$1*$D45)^$C$2)^$C$3*BESSELK(2*(($A45/$C$1)*$D45)^$C$2,$C$3)/FACT($C$3-1) -> 0.84997743 | D45: =+(1-$D$2*$A45/$D$1*(1-$D$3*$A45/$D$1))^$D$4 -> 0.98140659 | G45: =+SQRT(1-$G$2*$A45/$G$1*(1-$G$3*$A45/$G$1)) -> 0.999955 | H45: =+$L45/$L$9 -> 0.90424107 | I45: =+$N45/$N$9 -> 0.44269907 | J45: =+$O45/$O$9 -> 0.8898809 | K45: =+ABS(LN($C45/$H45)) -> 0.061886192 | L45: =+$L44-$P45 -> 27395571 | M45: =+$M44-$Q45-$R45 -> 33517467 | N45: =+$N44-$Q45 -> 6556974 | O45: =+$O44-$R45 -> 26960493 | P45: 137941 | Q45: 112056 | R45: 169688
A46: =+$A45+$A$1 -> 0.37 | B46: =+$M46/$M$9 -> 0.7367078 | C46: =2*(($A46/$C$1*$D46)^$C$2)^$C$3*BESSELK(2*(($A46/$C$1)*$D46)^$C$2,$C$3)/FACT($C$3-1) -> 0.84312971 | D46: =+(1-$D$2*$A46/$D$1*(1-$D$3*$A46/$D$1))^$D$4 -> 0.98089299 | G46: =+SQRT(1-$G$2*$A46/$G$1*(1-$G$3*$A46/$G$1)) -> 0.99995375 | H46: =+$L46/$L$9 -> 0.8995399 | I46: =+$N46/$N$9 -> 0.43515533 | J46: =+$O46/$O$9 -> 0.88412962 | K46: =+ABS(LN($C46/$H46)) -> 0.064762602 | L46: =+$L45-$P46 -> 27253141 | M46: =+$M45-$Q46-$R46 -> 33231489 | N46: =+$N45-$Q46 -> 6445241 | O46: =+$O45-$R46 -> 26786248 | P46: 142430 | Q46: 111733 | R46: 174245
A47: =+$A46+$A$1 -> 0.38 | B47: =+$M47/$M$9 -> 0.73032338 | C47: =2*(($A47/$C$1*$D47)^$C$2)^$C$3*BESSELK(2*(($A47/$C$1)*$D47)^$C$2,$C$3)/FACT($C$3-1) -> 0.83621779 | D47: =+(1-$D$2*$A47/$D$1*(1-$D$3*$A47/$D$1))^$D$4 -> 0.98037954 | G47: =+SQRT(1-$G$2*$A47/$G$1*(1-$G$3*$A47/$G$1)) -> 0.9999525 | H47: =+$L47/$L$9 -> 0.8947322 | I47: =+$N47/$N$9 -> 0.42773961 | J47: =+$O47/$O$9 -> 0.87824939 | K47: =+ABS(LN($C47/$H47)) -> 0.067635359 | L47: =+$L46-$P47 -> 27107483 | M47: =+$M46-$Q47-$R47 -> 32943500 | N47: =+$N46-$Q47 -> 6335404 | O47: =+$O46-$R47 -> 26608096 | P47: 145658 | Q47: 109837 | R47: 178152
A48: =+$A47+$A$1 -> 0.39 | B48: =+$M48/$M$9 -> 0.72396193 | C48: =2*(($A48/$C$1*$D48)^$C$2)^$C$3*BESSELK(2*(($A48/$C$1)*$D48)^$C$2,$C$3)/FACT($C$3-1) -> 0.82924675 | D48: =+(1-$D$2*$A48/$D$1*(1-$D$3*$A48/$D$1))^$D$4 -> 0.97986625 | G48: =+SQRT(1-$G$2*$A48/$G$1*(1-$G$3*$A48/$G$1)) -> 0.99995125 | H48: =+$L48/$L$9 -> 0.88991719 | I48: =+$N48/$N$9 -> 0.42048004 | J48: =+$O48/$O$9 -> 0.872327 | K48: =+ABS(LN($C48/$H48)) -> 0.070610654 | L48: =+$L47-$P48 -> 26961604 | M48: =+$M47-$Q48-$R48 -> 32656547 | N48: =+$N47-$Q48 -> 6227880 | O48: =+$O47-$R48 -> 26428667 | P48: 145879 | Q48: 107524 | R48: 179429
A49: =+$A48+$A$1 -> 0.4 | B49: =+$M49/$M$9 -> 0.71756924 | C49: =2*(($A49/$C$1*$D49)^$C$2)^$C$3*BESSELK(2*(($A49/$C$1)*$D49)^$C$2,$C$3)/FACT($C$3-1) -> 0.82222154 | D49: =+(1-$D$2*$A49/$D$1*(1-$D$3*$A49/$D$1))^$D$4 -> 0.97935313 | G49: =+SQRT(1-$G$2*$A49/$G$1*(1-$G$3*$A49/$G$1)) -> 0.99995 | H49: =+$L49/$L$9 -> 0.88502588 | I49: =+$N49/$N$9 -> 0.41337097 | J49: =+$O49/$O$9 -> 0.86628454 | K49: =+ABS(LN($C49/$H49)) -> 0.073607009 | L49: =+$L48-$P49 -> 26813413 | M49: =+$M48-$Q49-$R49 -> 32368185 | N49: =+$N48-$Q49 -> 6122585 | O49: =+$O48-$R49 -> 26245600 | P49: 148191 | Q49: 105295 | R49: 183067
A50: =+$A49+$A$1 -> 0.41 | B50: =+$M50/$M$9 -> 0.71109579 | C50: =2*(($A50/$C$1*$D50)^$C$2)^$C$3*BESSELK(2*(($A50/$C$1)*$D50)^$C$2,$C$3)/FACT($C$3-1) -> 0.81514695 | D50: =+(1-$D$2*$A50/$D$1*(1-$D$3*$A50/$D$1))^$D$4 -> 0.97884016 | G50: =+SQRT(1-$G$2*$A50/$G$1*(1-$G$3*$A50/$G$1)) -> 0.99994875 | H50: =+$L50/$L$9 -> 0.88001679 | I50: =+$N50/$N$9 -> 0.40634204 | J50: =+$O50/$O$9 -> 0.86008265 | K50: =+ABS(LN($C50/$H50)) -> 0.076572585 | L50: =+$L49-$P50 -> 26661654 | M50: =+$M49-$Q50-$R50 -> 32076180 | N50: =+$N49-$Q50 -> 6018477 | O50: =+$O49-$R50 -> 26057703 | P50: 151759 | Q50: 104108 | R50: 187897
... A52: =+$A51+$A$1 -> 0.43 | B52: =+$M52/$M$9 -> 0.69809318 | C52: =2*(($A52/$C$1*$D52)^$C$2)^$C$3*BESSELK(2*(($A52/$C$1)*$D52)^$C$2,$C$3)/FACT($C$3-1) -> 0.80086809 | D52: =+(1-$D$2*$A52/$D$1*(1-$D$3*$A52/$D$1))^$D$4 -> 0.9778147 | G52: =+SQRT(1-$G$2*$A52/$G$1*(1-$G$3*$A52/$G$1)) -> 0.99994625 | H52: =+$L52/$L$9 -> 0.86972411 | I52: =+$N52/$N$9 -> 0.39273417 | J52: =+$O52/$O$9 -> 0.84737594 | K52: =+ABS(LN($C52/$H52)) -> 0.082479793 | L52: =+$L51-$P52 -> 26349819 | M52: =+$M51-$Q52-$R52 -> 31489657 | N52: =+$N51-$Q52 -> 5816926 | O52: =+$O51-$R52 -> 25672731 | P52: 156550 | Q52: 97821 | R52: 193904
A53: =+$A52+$A$1 -> 0.44 | B53: =+$M53/$M$9 -> 0.69169732 | C53: =2*(($A53/$C$1*$D53)^$C$2)^$C$3*BESSELK(2*(($A53/$C$1)*$D53)^$C$2,$C$3)/FACT($C$3-1) -> 0.79367269 | D53: =+(1-$D$2*$A53/$D$1*(1-$D$3*$A53/$D$1))^$D$4 -> 0.97730221 | G53: =+SQRT(1-$G$2*$A53/$G$1*(1-$G$3*$A53/$G$1)) -> 0.999945 | H53: =+$L53/$L$9 -> 0.86452216 | I53: =+$N53/$N$9 -> 0.38648903 | J53: =+$O53/$O$9 -> 0.8409064 | K53: =+ABS(LN($C53/$H53)) -> 0.085505789 | L53: =+$L52-$P53 -> 26192217 | M53: =+$M52-$Q53-$R53 -> 31201152 | N53: =+$N52-$Q53 -> 5724427 | O53: =+$O52-$R53 -> 25476725 | P53: 157602 | Q53: 92499 | R53: 196006 | AE53: http://ocean.dmi.dk/wavestat/index.uk.php
A54: =+$A53+$A$1 -> 0.45 | B54: =+$M54/$M$9 -> 0.68522651 | C54: =2*(($A54/$C$1*$D54)^$C$2)^$C$3*BESSELK(2*(($A54/$C$1)*$D54)^$C$2,$C$3)/FACT($C$3-1) -> 0.78644568 | D54: =+(1-$D$2*$A54/$D$1*(1-$D$3*$A54/$D$1))^$D$4 -> 0.97678988 | G54: =+SQRT(1-$G$2*$A54/$G$1*(1-$G$3*$A54/$G$1)) -> 0.99994375 | H54: =+$L54/$L$9 -> 0.8592044 | I54: =+$N54/$N$9 -> 0.38030155 | J54: =+$O54/$O$9 -> 0.83429707 | K54: =+ABS(LN($C54/$H54)) -> 0.088483189 | L54: =+$L53-$P54 -> 26031106 | M54: =+$M53-$Q54-$R54 -> 30909266 | N54: =+$N53-$Q54 -> 5632782 | O54: =+$O53-$R54 -> 25276484 | P54: 161111 | Q54: 91645 | R54: 200241
A55: =+$A54+$A$1 -> 0.46 | B55: =+$M55/$M$9 -> 0.67862393 | C55: =2*(($A55/$C$1*$D55)^$C$2)^$C$3*BESSELK(2*(($A55/$C$1)*$D55)^$C$2,$C$3)/FACT($C$3-1) -> 0.77919114 | D55: =+(1-$D$2*$A55/$D$1*(1-$D$3*$A55/$D$1))^$D$4 -> 0.97627771 | G55: =+SQRT(1-$G$2*$A55/$G$1*(1-$G$3*$A55/$G$1)) -> 0.9999425 | H55: =+$L55/$L$9 -> 0.85375025 | I55: =+$N55/$N$9 -> 0.37396999 | J55: =+$O55/$O$9 -> 0.82756199 | K55: =+ABS(LN($C55/$H55)) -> 0.091382324 | L55: =+$L54-$P55 -> 25865863 | M55: =+$M54-$Q55-$R55 -> 30611436 | N55: =+$N54-$Q55 -> 5539003 | O55: =+$O54-$R55 -> 25072433 | P55: 165243 | Q55: 93779 | R55: 204051
A56: =+$A55+$A$1 -> 0.47 | B56: =+$M56/$M$9 -> 0.67191012 | C56: =2*(($A56/$C$1*$D56)^$C$2)^$C$3*BESSELK(2*(($A56/$C$1)*$D56)^$C$2,$C$3)/FACT($C$3-1) -> 0.77191303 | D56: =+(1-$D$2*$A56/$D$1*(1-$D$3*$A56/$D$1))^$D$4 -> 0.97576571 | G56: =+SQRT(1-$G$2*$A56/$G$1*(1-$G$3*$A56/$G$1)) -> 0.99994125 | H56: =+$L56/$L$9 -> 0.84818866 | I56: =+$N56/$N$9 -> 0.36756065 | J56: =+$O56/$O$9 -> 0.82069934 | K56: =+ABS(LN($C56/$H56)) -> 0.094231203 | L56: =+$L55-$P56 -> 25697365 | M56: =+$M55-$Q56-$R56 -> 30308589 | N56: =+$N55-$Q56 -> 5444072 | O56: =+$O55-$R56 -> 24864517 | P56: 168498 | Q56: 94931 | R56: 207916
A57: =+$A56+$A$1 -> 0.48 | B57: =+$M57/$M$9 -> 0.66537376 | C57: =2*(($A57/$C$1*$D57)^$C$2)^$C$3*BESSELK(2*(($A57/$C$1)*$D57)^$C$2,$C$3)/FACT($C$3-1) -> 0.76461519 | D57: =+(1-$D$2*$A57/$D$1*(1-$D$3*$A57/$D$1))^$D$4 -> 0.97525386 | G57: =+SQRT(1-$G$2*$A57/$G$1*(1-$G$3*$A57/$G$1)) -> 0.99994 | H57: =+$L57/$L$9 -> 0.84261048 | I57: =+$N57/$N$9 -> 0.36176321 | J57: =+$O57/$O$9 -> 0.81380173 | K57: =+ABS(LN($C57/$H57)) -> 0.097132098 | L57: =+$L56-$P57 -> 25528364 | M57: =+$M56-$Q57-$R57 -> 30013746 | N57: =+$N56-$Q57 -> 5358204 | O57: =+$O56-$R57 -> 24655542 | P57: 169001 | Q57: 85868 | R57: 208975
A58: =+$A57+$A$1 -> 0.49 | B58: =+$M58/$M$9 -> 0.65886078 | C58: =2*(($A58/$C$1*$D58)^$C$2)^$C$3*BESSELK(2*(($A58/$C$1)*$D58)^$C$2,$C$3)/FACT($C$3-1) -> 0.75730131 | D58: =+(1-$D$2*$A58/$D$1*(1-$D$3*$A58/$D$1))^$D$4 -> 0.97474218 | G58: =+SQRT(1-$G$2*$A58/$G$1*(1-$G$3*$A58/$G$1)) -> 0.99993875 | H58: =+$L58/$L$9 -> 0.83699123 | I58: =+$N58/$N$9 -> 0.3561806 | J58: =+$O58/$O$9 -> 0.80683392 | K58: =+ABS(LN($C58/$H58)) -> 0.10005239 | L58: =+$L57-$P58 -> 25358119 | M58: =+$M57-$Q58-$R58 -> 29719958 | N58: =+$N57-$Q58 -> 5275518 | O58: =+$O57-$R58 -> 24444440 | P58: 170245 | Q58: 82686 | R58: 211102
A59: =+$A58+$A$1 -> 0.5 | B59: =+$M59/$M$9 -> 0.65231207 | C59: =2*(($A59/$C$1*$D59)^$C$2)^$C$3*BESSELK(2*(($A59/$C$1)*$D59)^$C$2,$C$3)/FACT($C$3-1) -> 0.74997496 | D59: =+(1-$D$2*$A59/$D$1*(1-$D$3*$A59/$D$1))^$D$4 -> 0.97423066 | G59: =+SQRT(1-$G$2*$A59/$G$1*(1-$G$3*$A59/$G$1)) -> 0.9999375 | H59: =+$L59/$L$9 -> 0.83129682 | I59: =+$N59/$N$9 -> 0.35071344 | J59: =+$O59/$O$9 -> 0.79975646 | K59: =+ABS(LN($C59/$H59)) -> 0.1029471 | L59: =+$L58-$P59 -> 25185597 | M59: =+$M58-$Q59-$R59 -> 29424558 | N59: =+$N58-$Q59 -> 5194542 | O59: =+$O58-$R59 -> 24230016 | P59: 172522 | Q59: 80976 | R59: 214424
A60: =+$A59+$A$1 -> 0.51 | B60: =+$M60/$M$9 -> 0.64565535 | C60: =2*(($A60/$C$1*$D60)^$C$2)^$C$3*BESSELK(2*(($A60/$C$1)*$D60)^$C$2,$C$3)/FACT($C$3-1) -> 0.74263959 | D60: =+(1-$D$2*$A60/$D$1*(1-$D$3*$A60/$D$1))^$D$4 -> 0.9737193 | G60: =+SQRT(1-$G$2*$A60/$G$1*(1-$G$3*$A60/$G$1)) -> 0.99993625 | H60: =+$L60/$L$9 -> 0.82545933 | I60: =+$N60/$N$9 -> 0.34514893 | J60: =+$O60/$O$9 -> 0.79256579 | K60: =+ABS(LN($C60/$H60)) -> 0.10572915 | L60: =+$L59-$P60 -> 25008740 | M60: =+$M59-$Q60-$R60 -> 29124286 | N60: =+$N59-$Q60 -> 5112124 | O60: =+$O59-$R60 -> 24012162 | P60: 176857 | Q60: 82418 | R60: 217854
A61: =+$A60+$A$1 -> 0.52 | B61: =+$M61/$M$9 -> 0.63891013 | C61: =2*(($A61/$C$1*$D61)^$C$2)^$C$3*BESSELK(2*(($A61/$C$1)*$D61)^$C$2,$C$3)/FACT($C$3-1) -> 0.73529853 | D61: =+(1-$D$2*$A61/$D$1*(1-$D$3*$A61/$D$1))^$D$4 -> 0.9732081 | G61: =+SQRT(1-$G$2*$A61/$G$1*(1-$G$3*$A61/$G$1)) -> 0.999935 | H61: =+$L61/$L$9 -> 0.81953487 | I61: =+$N61/$N$9 -> 0.33953911 | J61: =+$O61/$O$9 -> 0.7852655 | K61: =+ABS(LN($C61/$H61)) -> 0.10846037 | L61: =+$L60-$P61 -> 24829248 | M61: =+$M60-$Q61-$R61 -> 28820022 | N61: =+$N60-$Q61 -> 5029035 | O61: =+$O60-$R61 -> 23790987 | P61: 179492 | Q61: 83089 | R61: 221175
A62: =+$A61+$A$1 -> 0.53 | B62: =+$M62/$M$9 -> 0.63209424 | C62: =2*(($A62/$C$1*$D62)^$C$2)^$C$3*BESSELK(2*(($A62/$C$1)*$D62)^$C$2,$C$3)/FACT($C$3-1) -> 0.72795497 | D62: =+(1-$D$2*$A62/$D$1*(1-$D$3*$A62/$D$1))^$D$4 -> 0.97269706 | G62: =+SQRT(1-$G$2*$A62/$G$1*(1-$G$3*$A62/$G$1)) -> 0.99993375 | H62: =+$L62/$L$9 -> 0.81358691 | I62: =+$N62/$N$9 -> 0.33379919 | J62: =+$O62/$O$9 -> 0.77792359 | K62: =+ABS(LN($C62/$H62)) -> 0.11121355 | L62: =+$L61-$P62 -> 24649044 | M62: =+$M61-$Q62-$R62 -> 28512570 | N62: =+$N61-$Q62 -> 4944019 | O62: =+$O61-$R62 -> 23568551 | P62: 180204 | Q62: 85016 | R62: 222436
A63: =+$A62+$A$1 -> 0.54 | B63: =+$M63/$M$9 -> 0.62514972 | C63: =2*(($A63/$C$1*$D63)^$C$2)^$C$3*BESSELK(2*(($A63/$C$1)*$D63)^$C$2,$C$3)/FACT($C$3-1) -> 0.72061202 | D63: =+(1-$D$2*$A63/$D$1*(1-$D$3*$A63/$D$1))^$D$4 -> 0.97218619 | G63: =+SQRT(1-$G$2*$A63/$G$1*(1-$G$3*$A63/$G$1)) -> 0.99993251 | H63: =+$L63/$L$9 -> 0.80755851 | I63: =+$N63/$N$9 -> 0.32792249 | J63: =+$O63/$O$9 -> 0.77045704 | K63: =+ABS(LN($C63/$H63)) -> 0.11391463 | L63: =+$L62-$P63 -> 24466403 | M63: =+$M62-$Q63-$R63 -> 28199316 | N63: =+$N62-$Q63 -> 4856977 | O63: =+$O62-$R63 -> 23342339 | P63: 182641 | Q63: 87042 | R63: 226212
A64: =+$A63+$A$1 -> 0.55 | B64: =+$M64/$M$9 -> 0.61806427 | C64: =2*(($A64/$C$1*$D64)^$C$2)^$C$3*BESSELK(2*(($A64/$C$1)*$D64)^$C$2,$C$3)/FACT($C$3-1) -> 0.71327263 | D64: =+(1-$D$2*$A64/$D$1*(1-$D$3*$A64/$D$1))^$D$4 -> 0.97167548 | G64: =+SQRT(1-$G$2*$A64/$G$1*(1-$G$3*$A64/$G$1)) -> 0.99993126 | H64: =+$L64/$L$9 -> 0.80127542 | I64: =+$N64/$N$9 -> 0.32200007 | J64: =+$O64/$O$9 -> 0.76280302 | K64: =+ABS(LN($C64/$H64)) -> 0.11634102 | L64: =+$L63-$P64 -> 24276046 | M64: =+$M63-$Q64-$R64 -> 27879705 | N64: =+$N63-$Q64 -> 4769258 | O64: =+$O63-$R64 -> 23110447 | P64: 190357 | Q64: 87719 | R64: 231892
A65: =+$A64+$A$1 -> 0.56 | B65: =+$M65/$M$9 -> 0.60352999 | C65: =2*(($A65/$C$1*$D65)^$C$2)^$C$3*BESSELK(2*(($A65/$C$1)*$D65)^$C$2,$C$3)/FACT($C$3-1) -> 0.70593967 | D65: =+(1-$D$2*$A65/$D$1*(1-$D$3*$A65/$D$1))^$D$4 -> 0.97116493 | G65: =+SQRT(1-$G$2*$A65/$G$1*(1-$G$3*$A65/$G$1)) -> 0.99993001 | H65: =+$L65/$L$9 -> 0.78804754 | I65: =+$N65/$N$9 -> 0.31007355 | J65: =+$O65/$O$9 -> 0.74699386 | K65: =+ABS(LN($C65/$H65)) -> 0.11002864 | L65: =+$L64-$P65 -> 23875284 | M65: =+$M64-$Q65-$R65 -> 27224091 | N65: =+$N64-$Q65 -> 4592610 | O65: =+$O64-$R65 -> 22631481 | P65: 400762 | Q65: 176648 | R65: 478966
A66: =+$A65+$A$1 -> 0.57 | B66: =+$M66/$M$9 -> 0.59611629 | C66: =2*(($A66/$C$1*$D66)^$C$2)^$C$3*BESSELK(2*(($A66/$C$1)*$D66)^$C$2,$C$3)/FACT($C$3-1) -> 0.69861589 | D66: =+(1-$D$2*$A66/$D$1*(1-$D$3*$A66/$D$1))^$D$4 -> 0.97065455 | G66: =+SQRT(1-$G$2*$A66/$G$1*(1-$G$3*$A66/$G$1)) -> 0.99992876 | H66: =+$L66/$L$9 -> 0.78117832 | I66: =+$N66/$N$9 -> 0.30411589 | J66: =+$O66/$O$9 -> 0.73886833 | K66: =+ABS(LN($C66/$H66)) -> 0.11170238 | L66: =+$L65-$P66 -> 23667169 | M66: =+$M65-$Q66-$R66 -> 26889673 | N66: =+$N65-$Q66 -> 4504369 | O66: =+$O65-$R66 -> 22385304 | P66: 208115 | Q66: 88241 | R66: 246177
A67: =+$A66+$A$1 -> 0.58 | B67: =+$M67/$M$9 -> 0.59611629 | C67: =2*(($A67/$C$1*$D67)^$C$2)^$C$3*BESSELK(2*(($A67/$C$1)*$D67)^$C$2,$C$3)/FACT($C$3-1) -> 0.69130392 | D67: =+(1-$D$2*$A67/$D$1*(1-$D$3*$A67/$D$1))^$D$4 -> 0.97014433 | G67: =+SQRT(1-$G$2*$A67/$G$1*(1-$G$3*$A67/$G$1)) -> 0.99992751 | H67: =+$L67/$L$9 -> 0.78117832 | I67: =+$N67/$N$9 -> 0.30411589 | J67: =+$O67/$O$9 -> 0.73886833 | K67: =+ABS(LN($C67/$H67)) -> 0.12222389 | L67: =+$L66-$P67 -> 23667169 | M67: =+$M66-$Q67-$R67 -> 26889673 | N67: =+$N66-$Q67 -> 4504369 | O67: =+$O66-$R67 -> 22385304
A68: =+$A67+$A$1 -> 0.59 | B68: =+$M68/$M$9 -> 0.58865751 | C68: =2*(($A68/$C$1*$D68)^$C$2)^$C$3*BESSELK(2*(($A68/$C$1)*$D68)^$C$2,$C$3)/FACT($C$3-1) -> 0.68400631 | D68: =+(1-$D$2*$A68/$D$1*(1-$D$3*$A68/$D$1))^$D$4 -> 0.96963427 | G68: =+SQRT(1-$G$2*$A68/$G$1*(1-$G$3*$A68/$G$1)) -> 0.99992626 | H68: =+$L68/$L$9 -> 0.77421857 | I68: =+$N68/$N$9 -> 0.29822514 | J68: =+$O68/$O$9 -> 0.73064299 | K68: =+ABS(LN($C68/$H68)) -> 0.12388707 | L68: =+$L67-$P68 -> 23456311 | M68: =+$M67-$Q68-$R68 -> 26553222 | N68: =+$N67-$Q68 -> 4417119 | O68: =+$O67-$R68 -> 22136103 | P68: 210858 | Q68: 87250 | R68: 249201
A69: =+$A68+$A$1 -> 0.6 | B69: =+$M69/$M$9 -> 0.58110927 | C69: =2*(($A69/$C$1*$D69)^$C$2)^$C$3*BESSELK(2*(($A69/$C$1)*$D69)^$C$2,$C$3)/FACT($C$3-1) -> 0.67672549 | D69: =+(1-$D$2*$A69/$D$1*(1-$D$3*$A69/$D$1))^$D$4 -> 0.96912438 | G69: =+SQRT(1-$G$2*$A69/$G$1*(1-$G$3*$A69/$G$1)) -> 0.99992501 | H69: =+$L69/$L$9 -> 0.76704506 | I69: =+$N69/$N$9 -> 0.29239076 | J69: =+$O69/$O$9 -> 0.72225688 | K69: =+ABS(LN($C69/$H69)) -> 0.12527983 | L69: =+$L68-$P69 -> 23238977 | M69: =+$M68-$Q69-$R69 -> 26212735 | N69: =+$N68-$Q69 -> 4330704 | O69: =+$O68-$R69 -> 21882031 | P69: 217334 | Q69: 86415 | R69: 254072
A70: =+$A69+$A$1 -> 0.61 | B70: =+$M70/$M$9 -> 0.5735847 | C70: =2*(($A70/$C$1*$D70)^$C$2)^$C$3*BESSELK(2*(($A70/$C$1)*$D70)^$C$2,$C$3)/FACT($C$3-1) -> 0.6694638 | D70: =+(1-$D$2*$A70/$D$1*(1-$D$3*$A70/$D$1))^$D$4 -> 0.96861466 | G70: =+SQRT(1-$G$2*$A70/$G$1*(1-$G$3*$A70/$G$1)) -> 0.99992376 | H70: =+$L70/$L$9 -> 0.75982623 | I70: =+$N70/$N$9 -> 0.28664814 | J70: =+$O70/$O$9 -> 0.71386116 | K70: =+ABS(LN($C70/$H70)) -> 0.12661267 | L70: =+$L69-$P70 -> 23020270 | M70: =+$M69-$Q70-$R70 -> 25873316 | N70: =+$N69-$Q70 -> 4245648 | O70: =+$O69-$R70 -> 21627668 | P70: 218707 | Q70: 85056 | R70: 254363
A71: =+$A70+$A$1 -> 0.62 | B71: =+$M71/$M$9 -> 0.56609352 | C71: =2*(($A71/$C$1*$D71)^$C$2)^$C$3*BESSELK(2*(($A71/$C$1)*$D71)^$C$2,$C$3)/FACT($C$3-1) -> 0.66222347 | D71: =+(1-$D$2*$A71/$D$1*(1-$D$3*$A71/$D$1))^$D$4 -> 0.9681051 | G71: =+SQRT(1-$G$2*$A71/$G$1*(1-$G$3*$A71/$G$1)) -> 0.99992251 | H71: =+$L71/$L$9 -> 0.75245432 | I71: =+$N71/$N$9 -> 0.2812163 | J71: =+$O71/$O$9 -> 0.70536321 | K71: =+ABS(LN($C71/$H71)) -> 0.12773723 | L71: =+$L70-$P71 -> 22796925 | M71: =+$M70-$Q71-$R71 -> 25535403 | N71: =+$N70-$Q71 -> 4165195 | O71: =+$O70-$R71 -> 21370208 | P71: 223345 | Q71: 80453 | R71: 257460
A72: =+$A71+$A$1 -> 0.63 | B72: =+$M72/$M$9 -> 0.55860083 | C72: =2*(($A72/$C$1*$D72)^$C$2)^$C$3*BESSELK(2*(($A72/$C$1)*$D72)^$C$2,$C$3)/FACT($C$3-1) -> 0.65500664 | D72: =+(1-$D$2*$A72/$D$1*(1-$D$3*$A72/$D$1))^$D$4 -> 0.9675957 | G72: =+SQRT(1-$G$2*$A72/$G$1*(1-$G$3*$A72/$G$1)) -> 0.99992126 | H72: =+$L72/$L$9 -> 0.74508333 | I72: =+$N72/$N$9 -> 0.27584434 | J72: =+$O72/$O$9 -> 0.69683375 | K72: =+ABS(LN($C72/$H72)) -> 0.12885069 | L72: =+$L71-$P72 -> 22573608 | M72: =+$M71-$Q72-$R72 -> 25197422 | N72: =+$N71-$Q72 -> 4085629 | O72: =+$O71-$R72 -> 21111793 | P72: 223317 | Q72: 79566 | R72: 258415
A73: =+$A72+$A$1 -> 0.64 | B73: =+$M73/$M$9 -> 0.55110275 | C73: =2*(($A73/$C$1*$D73)^$C$2)^$C$3*BESSELK(2*(($A73/$C$1)*$D73)^$C$2,$C$3)/FACT($C$3-1) -> 0.64781537 | D73: =+(1-$D$2*$A73/$D$1*(1-$D$3*$A73/$D$1))^$D$4 -> 0.96708647 | G73: =+SQRT(1-$G$2*$A73/$G$1*(1-$G$3*$A73/$G$1)) -> 0.99992001 | H73: =+$L73/$L$9 -> 0.7375282 | I73: =+$N73/$N$9 -> 0.27067905 | J73: =+$O73/$O$9 -> 0.68819523 | K73: =+ABS(LN($C73/$H73)) -> 0.12969859 | L73: =+$L72-$P73 -> 22344712 | M73: =+$M72-$Q73-$R73 -> 24859198 | N73: =+$N72-$Q73 -> 4009124 | O73: =+$O72-$R73 -> 20850074 | P73: 228896 | Q73: 76505 | R73: 261719
A74: =+$A73+$A$1 -> 0.65 | B74: =+$M74/$M$9 -> 0.54366899 | C74: =2*(($A74/$C$1*$D74)^$C$2)^$C$3*BESSELK(2*(($A74/$C$1)*$D74)^$C$2,$C$3)/FACT($C$3-1) -> 0.64065162 | D74: =+(1-$D$2*$A74/$D$1*(1-$D$3*$A74/$D$1))^$D$4 -> 0.9665774 | G74: =+SQRT(1-$G$2*$A74/$G$1*(1-$G$3*$A74/$G$1)) -> 0.99991876 | H74: =+$L74/$L$9 -> 0.73005991 | I74: =+$N74/$N$9 -> 0.26560605 | J74: =+$O74/$O$9 -> 0.67960734 | K74: =+ABS(LN($C74/$H74)) -> 0.13064079 | L74: =+$L73-$P74 -> 22118447 | M74: =+$M73-$Q74-$R74 -> 24523875 | N74: =+$N73-$Q74 -> 3933986 | O74: =+$O73-$R74 -> 20589889 | P74: 226265 | Q74: 75138 | R74: 260185
A75: =+$A74+$A$1 -> 0.66 | B75: =+$M75/$M$9 -> 0.53622301 | C75: =2*(($A75/$C$1*$D75)^$C$2)^$C$3*BESSELK(2*(($A75/$C$1)*$D75)^$C$2,$C$3)/FACT($C$3-1) -> 0.63351725 | D75: =+(1-$D$2*$A75/$D$1*(1-$D$3*$A75/$D$1))^$D$4 -> 0.9660685 | G75: =+SQRT(1-$G$2*$A75/$G$1*(1-$G$3*$A75/$G$1)) -> 0.99991751 | H75: =+$L75/$L$9 -> 0.72251854 | I75: =+$N75/$N$9 -> 0.26053204 | J75: =+$O75/$O$9 -> 0.67100176 | K75: =+ABS(LN($C75/$H75)) -> 0.13145586 | L75: =+$L74-$P75 -> 21889968 | M75: =+$M74-$Q75-$R75 -> 24188001 | N75: =+$N74-$Q75 -> 3858833 | O75: =+$O74-$R75 -> 20329168 | P75: 228479 | Q75: 75153 | R75: 260721
A76: =+$A75+$A$1 -> 0.67 | B76: =+$M76/$M$9 -> 0.52845795 | C76: =2*(($A76/$C$1*$D76)^$C$2)^$C$3*BESSELK(2*(($A76/$C$1)*$D76)^$C$2,$C$3)/FACT($C$3-1) -> 0.62641405 | D76: =+(1-$D$2*$A76/$D$1*(1-$D$3*$A76/$D$1))^$D$4 -> 0.96555977 | G76: =+SQRT(1-$G$2*$A76/$G$1*(1-$G$3*$A76/$G$1)) -> 0.99991626 | H76: =+$L76/$L$9 -> 0.71488086 | I76: =+$N76/$N$9 -> 0.25470786 | J76: =+$O76/$O$9 -> 0.66228786 | K76: =+ABS(LN($C76/$H76)) -> 0.13210432 | L76: =+$L75-$P76 -> 21658571 | M76: =+$M75-$Q76-$R76 -> 23837734 | N76: =+$N75-$Q76 -> 3772569 | O76: =+$O75-$R76 -> 20065165 | P76: 231397 | Q76: 86264 | R76: 264003
A77: =+$A76+$A$1 -> 0.68 | B77: =+$M77/$M$9 -> 0.52081719 | C77: =2*(($A77/$C$1*$D77)^$C$2)^$C$3*BESSELK(2*(($A77/$C$1)*$D77)^$C$2,$C$3)/FACT($C$3-1) -> 0.61934373 | D77: =+(1-$D$2*$A77/$D$1*(1-$D$3*$A77/$D$1))^$D$4 -> 0.9650512 | G77: =+SQRT(1-$G$2*$A77/$G$1*(1-$G$3*$A77/$G$1)) -> 0.99991501 | H77: =+$L77/$L$9 -> 0.70725242 | I77: =+$N77/$N$9 -> 0.24923955 | J77: =+$O77/$O$9 -> 0.65358504 | K77: =+ABS(LN($C77/$H77)) -> 0.13272721 | L77: =+$L76-$P77 -> 21427454 | M77: =+$M76-$Q77-$R77 -> 23493074 | N77: =+$N76-$Q77 -> 3691576 | O77: =+$O76-$R77 -> 19801498 | P77: 231117 | Q77: 80993 | R77: 263667
A78: =+$A77+$A$1 -> 0.69 | B78: =+$M78/$M$9 -> 0.51318956 | C78: =2*(($A78/$C$1*$D78)^$C$2)^$C$3*BESSELK(2*(($A78/$C$1)*$D78)^$C$2,$C$3)/FACT($C$3-1) -> 0.61230792 | D78: =+(1-$D$2*$A78/$D$1*(1-$D$3*$A78/$D$1))^$D$4 -> 0.9645428 | G78: =+SQRT(1-$G$2*$A78/$G$1*(1-$G$3*$A78/$G$1)) -> 0.99991376 | H78: =+$L78/$L$9 -> 0.6994404 | I78: =+$N78/$N$9 -> 0.24404422 | J78: =+$O78/$O$9 -> 0.64476832 | K78: =+ABS(LN($C78/$H78)) -> 0.13304529 | L78: =+$L77-$P78 -> 21190775 | M78: =+$M77-$Q78-$R78 -> 23149006 | N78: =+$N77-$Q78 -> 3614626 | O78: =+$O77-$R78 -> 19534380 | P78: 236679 | Q78: 76950 | R78: 267118
A79: =+$A78+$A$1 -> 0.7 | B79: =+$M79/$M$9 -> 0.50555395 | C79: =2*(($A79/$C$1*$D79)^$C$2)^$C$3*BESSELK(2*(($A79/$C$1)*$D79)^$C$2,$C$3)/FACT($C$3-1) -> 0.60530814 | D79: =+(1-$D$2*$A79/$D$1*(1-$D$3*$A79/$D$1))^$D$4 -> 0.96403457 | G79: =+SQRT(1-$G$2*$A79/$G$1*(1-$G$3*$A79/$G$1)) -> 0.99991251 | H79: =+$L79/$L$9 -> 0.69151592 | I79: =+$N79/$N$9 -> 0.23888608 | J79: =+$O79/$O$9 -> 0.63592152 | K79: =+ABS(LN($C79/$H79)) -> 0.13314851 | L79: =+$L78-$P79 -> 20950689 | M79: =+$M78-$Q79-$R79 -> 22804578 | N79: =+$N78-$Q79 -> 3538227 | O79: =+$O78-$R79 -> 19266351 | P79: 240086 | Q79: 76399 | R79: 268029
... A124: =+$A123+$A$1 -> 1.15 | B124: =+$M124/$M$9 -> 0.23546348 | C124: =2*(($A124/$C$1*$D124)^$C$2)^$C$3*BESSELK(2*(($A124/$C$1)*$D124)^$C$2,$C$3)/FACT($C$3-1) -> 0.34116093 | D124: =+(1-$D$2*$A124/$D$1*(1-$D$3*$A124/$D$1))^$D$4 -> 0.94134117 | G124: =+SQRT(1-$G$2*$A124/$G$1*(1-$G$3*$A124/$G$1)) -> 0.99985627 | H124: =+$L124/$L$9 -> 0.35593408 | I124: =+$N124/$N$9 -> 0.093539505 | J124: =+$O124/$O$9 -> 0.30484673 | K124: =+ABS(LN($C124/$H124)) -> 0.042391256 | L124: =+$L123-$P124 -> 10783648 | M124: =+$M123-$Q124-$R124 -> 10621310 | N124: =+$N123-$Q124 -> 1385447 | O124: =+$O123-$R124 -> 9235863 | P124: 160620 | Q124: 25681 | R124: 146582
A125: =+$A124+$A$1 -> 1.16 | B125: =+$M125/$M$9 -> 0.23546348 | C125: =2*(($A125/$C$1*$D125)^$C$2)^$C$3*BESSELK(2*(($A125/$C$1)*$D125)^$C$2,$C$3)/FACT($C$3-1) -> 0.33653502 | D125: =+(1-$D$2*$A125/$D$1*(1-$D$3*$A125/$D$1))^$D$4 -> 0.94084091 | G125: =+SQRT(1-$G$2*$A125/$G$1*(1-$G$3*$A125/$G$1)) -> 0.99985502 | H125: =+$L125/$L$9 -> 0.35593408 | I125: =+$N125/$N$9 -> 0.093539505 | J125: =+$O125/$O$9 -> 0.30484673 | K125: =+ABS(LN($C125/$H125)) -> 0.056043328 | L125: =+$L124-$P125 -> 10783648 | M125: =+$M124-$Q125-$R125 -> 10621310 | N125: =+$N124-$Q125 -> 1385447 | O125: =+$O124-$R125 -> 9235863
A126: =+$A125+$A$1 -> 1.17 | B126: =+$M126/$M$9 -> 0.23176221 | C126: =2*(($A126/$C$1*$D126)^$C$2)^$C$3*BESSELK(2*(($A126/$C$1)*$D126)^$C$2,$C$3)/FACT($C$3-1) -> 0.33196252 | D126: =+(1-$D$2*$A126/$D$1*(1-$D$3*$A126/$D$1))^$D$4 -> 0.94034083 | G126: =+SQRT(1-$G$2*$A126/$G$1*(1-$G$3*$A126/$G$1)) -> 0.99985377 | H126: =+$L126/$L$9 -> 0.35079568 | I126: =+$N126/$N$9 -> 0.091864979 | J126: =+$O126/$O$9 -> 0.30015464 | K126: =+ABS(LN($C126/$H126)) -> 0.055181875 | L126: =+$L125-$P126 -> 10627971 | M126: =+$M125-$Q126-$R126 -> 10454353 | N126: =+$N125-$Q126 -> 1360645 | O126: =+$O125-$R126 -> 9093708 | P126: 155677 | Q126: 24802 | R126: 142155
A127: =+$A126+$A$1 -> 1.18 | B127: =+$M127/$M$9 -> 0.22817155 | C127: =2*(($A127/$C$1*$D127)^$C$2)^$C$3*BESSELK(2*(($A127/$C$1)*$D127)^$C$2,$C$3)/FACT($C$3-1) -> 0.32744313 | D127: =+(1-$D$2*$A127/$D$1*(1-$D$3*$A127/$D$1))^$D$4 -> 0.93984093 | G127: =+SQRT(1-$G$2*$A127/$G$1*(1-$G$3*$A127/$G$1)) -> 0.99985252 | H127: =+$L127/$L$9 -> 0.34584574 | I127: =+$N127/$N$9 -> 0.090245681 | J127: =+$O127/$O$9 -> 0.29560022 | K127: =+ABS(LN($C127/$H127)) -> 0.054678449 | L127: =+$L126-$P127 -> 10478004 | M127: =+$M126-$Q127-$R127 -> 10292385 | N127: =+$N126-$Q127 -> 1336661 | O127: =+$O126-$R127 -> 8955724 | P127: 149967 | Q127: 23984 | R127: 137984
A128: =+$A127+$A$1 -> 1.19 | B128: =+$M128/$M$9 -> 0.22464566 | C128: =2*(($A128/$C$1*$D128)^$C$2)^$C$3*BESSELK(2*(($A128/$C$1)*$D128)^$C$2,$C$3)/FACT($C$3-1) -> 0.32297657 | D128: =+(1-$D$2*$A128/$D$1*(1-$D$3*$A128/$D$1))^$D$4 -> 0.9393412 | G128: =+SQRT(1-$G$2*$A128/$G$1*(1-$G$3*$A128/$G$1)) -> 0.99985127 | H128: =+$L128/$L$9 -> 0.3409573 | I128: =+$N128/$N$9 -> 0.088678775 | J128: =+$O128/$O$9 -> 0.29111664 | K128: =+ABS(LN($C128/$H128)) -> 0.054177456 | L128: =+$L127-$P128 -> 10329900 | M128: =+$M127-$Q128-$R128 -> 10133339 | N128: =+$N127-$Q128 -> 1313453 | O128: =+$O127-$R128 -> 8819886 | P128: 148104 | Q128: 23208 | R128: 135838
A129: =+$A128+$A$1 -> 1.2 | B129: =+$M129/$M$9 -> 0.22115254 | C129: =2*(($A129/$C$1*$D129)^$C$2)^$C$3*BESSELK(2*(($A129/$C$1)*$D129)^$C$2,$C$3)/FACT($C$3-1) -> 0.31856253 | D129: =+(1-$D$2*$A129/$D$1*(1-$D$3*$A129/$D$1))^$D$4 -> 0.93884166 | G129: =+SQRT(1-$G$2*$A129/$G$1*(1-$G$3*$A129/$G$1)) -> 0.99985002 | H129: =+$L129/$L$9 -> 0.33614817 | I129: =+$N129/$N$9 -> 0.087134555 | J129: =+$O129/$O$9 -> 0.28667075 | K129: =+ABS(LN($C129/$H129)) -> 0.053733239 | L129: =+$L128-$P129 -> 10184199 | M129: =+$M128-$Q129-$R129 -> 9975771 | N129: =+$N128-$Q129 -> 1290581 | O129: =+$O128-$R129 -> 8685190 | P129: 145701 | Q129: 22872 | R129: 134696
A130: =+$A129+$A$1 -> 1.21 | B130: =+$M130/$M$9 -> 0.21769494 | C130: =2*(($A130/$C$1*$D130)^$C$2)^$C$3*BESSELK(2*(($A130/$C$1)*$D130)^$C$2,$C$3)/FACT($C$3-1) -> 0.31420071 | D130: =+(1-$D$2*$A130/$D$1*(1-$D$3*$A130/$D$1))^$D$4 -> 0.9383423 | G130: =+SQRT(1-$G$2*$A130/$G$1*(1-$G$3*$A130/$G$1)) -> 0.99984878 | H130: =+$L130/$L$9 -> 0.33132277 | I130: =+$N130/$N$9 -> 0.085643469 | J130: =+$O130/$O$9 -> 0.28225176 | K130: =+ABS(LN($C130/$H130)) -> 0.053061035 | L130: =+$L129-$P130 -> 10038005 | M130: =+$M129-$Q130-$R130 -> 9819805 | N130: =+$N129-$Q130 -> 1268496 | O130: =+$O129-$R130 -> 8551309 | P130: 146194 | Q130: 22085 | R130: 133881
A131: =+$A130+$A$1 -> 1.22 | B131: =+$M131/$M$9 -> 0.21427923 | C131: =2*(($A131/$C$1*$D131)^$C$2)^$C$3*BESSELK(2*(($A131/$C$1)*$D131)^$C$2,$C$3)/FACT($C$3-1) -> 0.30989078 | D131: =+(1-$D$2*$A131/$D$1*(1-$D$3*$A131/$D$1))^$D$4 -> 0.93784312 | G131: =+SQRT(1-$G$2*$A131/$G$1*(1-$G$3*$A131/$G$1)) -> 0.99984753 | H131: =+$L131/$L$9 -> 0.3265444 | I131: =+$N131/$N$9 -> 0.084159608 | J131: =+$O131/$O$9 -> 0.27789162 | K131: =+ABS(LN($C131/$H131)) -> 0.052346028 | L131: =+$L130-$P131 -> 9893236 | M131: =+$M130-$Q131-$R131 -> 9665729 | N131: =+$N130-$Q131 -> 1246518 | O131: =+$O130-$R131 -> 8419211 | P131: 144769 | Q131: 21978 | R131: 132098
A132: =+$A131+$A$1 -> 1.23 | B132: =+$M132/$M$9 -> 0.21095823 | C132: =2*(($A132/$C$1*$D132)^$C$2)^$C$3*BESSELK(2*(($A132/$C$1)*$D132)^$C$2,$C$3)/FACT($C$3-1) -> 0.3056324 | D132: =+(1-$D$2*$A132/$D$1*(1-$D$3*$A132/$D$1))^$D$4 -> 0.93734413 | G132: =+SQRT(1-$G$2*$A132/$G$1*(1-$G$3*$A132/$G$1)) -> 0.99984628 | H132: =+$L132/$L$9 -> 0.3218936 | I132: =+$N132/$N$9 -> 0.082729354 | J132: =+$O132/$O$9 -> 0.27364628 | K132: =+ABS(LN($C132/$H132)) -> 0.051838012 | L132: =+$L131-$P132 -> 9752332 | M132: =+$M131-$Q132-$R132 -> 9515925 | N132: =+$N131-$Q132 -> 1225334 | O132: =+$O131-$R132 -> 8290591 | P132: 140904 | Q132: 21184 | R132: 128620
A133: =+$A132+$A$1 -> 1.24 | B133: =+$M133/$M$9 -> 0.20771784 | C133: =2*(($A133/$C$1*$D133)^$C$2)^$C$3*BESSELK(2*(($A133/$C$1)*$D133)^$C$2,$C$3)/FACT($C$3-1) -> 0.30142523 | D133: =+(1-$D$2*$A133/$D$1*(1-$D$3*$A133/$D$1))^$D$4 -> 0.93684531 | G133: =+SQRT(1-$G$2*$A133/$G$1*(1-$G$3*$A133/$G$1)) -> 0.99984503 | H133: =+$L133/$L$9 -> 0.31736985 | I133: =+$N133/$N$9 -> 0.081328402 | J133: =+$O133/$O$9 -> 0.26950663 | K133: =+ABS(LN($C133/$H133)) -> 0.051545828 | L133: =+$L132-$P133 -> 9615277 | M133: =+$M132-$Q133-$R133 -> 9369757 | N133: =+$N132-$Q133 -> 1204584 | O133: =+$O132-$R133 -> 8165173 | P133: 137055 | Q133: 20750 | R133: 125418
A134: =+$A133+$A$1 -> 1.25 | B134: =+$M134/$M$9 -> 0.20450498 | C134: =2*(($A134/$C$1*$D134)^$C$2)^$C$3*BESSELK(2*(($A134/$C$1)*$D134)^$C$2,$C$3)/FACT($C$3-1) -> 0.29726893 | D134: =+(1-$D$2*$A134/$D$1*(1-$D$3*$A134/$D$1))^$D$4 -> 0.93634668 | G134: =+SQRT(1-$G$2*$A134/$G$1*(1-$G$3*$A134/$G$1)) -> 0.99984378 | H134: =+$L134/$L$9 -> 0.31289485 | I134: =+$N134/$N$9 -> 0.079972483 | J134: =+$O134/$O$9 -> 0.26538595 | K134: =+ABS(LN($C134/$H134)) -> 0.051229979 | L134: =+$L133-$P134 -> 9479699 | M134: =+$M133-$Q134-$R134 -> 9224831 | N134: =+$N133-$Q134 -> 1184501 | O134: =+$O133-$R134 -> 8040330 | P134: 135578 | Q134: 20083 | R134: 124843
A135: =+$A134+$A$1 -> 1.26 | B135: =+$M135/$M$9 -> 0.20127392 | C135: =2*(($A135/$C$1*$D135)^$C$2)^$C$3*BESSELK(2*(($A135/$C$1)*$D135)^$C$2,$C$3)/FACT($C$3-1) -> 0.29316314 | D135: =+(1-$D$2*$A135/$D$1*(1-$D$3*$A135/$D$1))^$D$4 -> 0.93584823 | G135: =+SQRT(1-$G$2*$A135/$G$1*(1-$G$3*$A135/$G$1)) -> 0.99984253 | H135: =+$L135/$L$9 -> 0.30831836 | I135: =+$N135/$N$9 -> 0.078634861 | J135: =+$O135/$O$9 -> 0.26122924 | K135: =+ABS(LN($C135/$H135)) -> 0.050403628 | L135: =+$L134-$P135 -> 9341046 | M135: =+$M134-$Q135-$R135 -> 9079084 | N135: =+$N134-$Q135 -> 1164689 | O135: =+$O134-$R135 -> 7914395 | P135: 138653 | Q135: 19812 | R135: 125935
A136: =+$A135+$A$1 -> 1.27 | B136: =+$M136/$M$9 -> 0.19811163 | C136: =2*(($A136/$C$1*$D136)^$C$2)^$C$3*BESSELK(2*(($A136/$C$1)*$D136)^$C$2,$C$3)/FACT($C$3-1) -> 0.28910749 | D136: =+(1-$D$2*$A136/$D$1*(1-$D$3*$A136/$D$1))^$D$4 -> 0.93534996 | G136: =+SQRT(1-$G$2*$A136/$G$1*(1-$G$3*$A136/$G$1)) -> 0.99984128 | H136: =+$L136/$L$9 -> 0.30382817 | I136: =+$N136/$N$9 -> 0.077319317 | J136: =+$O136/$O$9 -> 0.25716411 | K136: =+ABS(LN($C136/$H136)) -> 0.049663754 | L136: =+$L135-$P136 -> 9205008 | M136: =+$M135-$Q136-$R136 -> 8936439 | N136: =+$N135-$Q136 -> 1145204 | O136: =+$O135-$R136 -> 7791235 | P136: 136038 | Q136: 19485 | R136: 123160
A137: =+$A136+$A$1 -> 1.28 | B137: =+$M137/$M$9 -> 0.19498385 | C137: =2*(($A137/$C$1*$D137)^$C$2)^$C$3*BESSELK(2*(($A137/$C$1)*$D137)^$C$2,$C$3)/FACT($C$3-1) -> 0.28510162 | D137: =+(1-$D$2*$A137/$D$1*(1-$D$3*$A137/$D$1))^$D$4 -> 0.93485187 | G137: =+SQRT(1-$G$2*$A137/$G$1*(1-$G$3*$A137/$G$1)) -> 0.99984003 | H137: =+$L137/$L$9 -> 0.29943331 | I137: =+$N137/$N$9 -> 0.076031521 | J137: =+$O137/$O$9 -> 0.25313681 | K137: =+ABS(LN($C137/$H137)) -> 0.049046058 | L137: =+$L136-$P137 -> 9071858 | M137: =+$M136-$Q137-$R137 -> 8795351 | N137: =+$N136-$Q137 -> 1126130 | O137: =+$O136-$R137 -> 7669221 | P137: 133150 | Q137: 19074 | R137: 122014
... A209: =+$A208+$A$1 -> 2 | B209: =+$M209/$M$9 -> 0.058228345 | C209: =2*(($A209/$C$1*$D209)^$C$2)^$C$3*BESSELK(2*(($A209/$C$1)*$D209)^$C$2,$C$3)/FACT($C$3-1) -> 0.10089513 | D209: =+(1-$D$2*$A209/$D$1*(1-$D$3*$A209/$D$1))^$D$4 -> 0.89949032 | G209: =+SQRT(1-$G$2*$A209/$G$1*(1-$G$3*$A209/$G$1)) -> 0.99975007 | H209: =+$L209/$L$9 -> 0.098529031 | I209: =+$N209/$N$9 -> 0.020743474 | J209: =+$O209/$O$9 -> 0.076553806 | K209: =+ABS(LN($C209/$H209)) -> 0.023730445 | L209: =+$L208-$P209 -> 2985110 | M209: =+$M208-$Q209-$R209 -> 2626570 | N209: =+$N208-$Q209 -> 307239 | O209: =+$O208-$R209 -> 2319331 | P209: 95508 | Q209: 11437 | R209: 78285
A210: =+$A209+$A$1 -> 2.01 | B210: =+$M210/$M$9 -> 0.058228345 | C210: =2*(($A210/$C$1*$D210)^$C$2)^$C$3*BESSELK(2*(($A210/$C$1)*$D210)^$C$2,$C$3)/FACT($C$3-1) -> 0.099428274 | D210: =+(1-$D$2*$A210/$D$1*(1-$D$3*$A210/$D$1))^$D$4 -> 0.89900642 | G210: =+SQRT(1-$G$2*$A210/$G$1*(1-$G$3*$A210/$G$1)) -> 0.99974882 | H210: =+$L210/$L$9 -> 0.098529031 | I210: =+$N210/$N$9 -> 0.020743474 | J210: =+$O210/$O$9 -> 0.076553806 | K210: =+ABS(LN($C210/$H210)) -> 0.0090852915 | L210: =+$L209-$P210 -> 2985110 | M210: =+$M209-$Q210-$R210 -> 2626570 | N210: =+$N209-$Q210 -> 307239 | O210: =+$O209-$R210 -> 2319331
A211: =+$A210+$A$1 -> 2.02 | B211: =+$M211/$M$9 -> 0.056284259 | C211: =2*(($A211/$C$1*$D211)^$C$2)^$C$3*BESSELK(2*(($A211/$C$1)*$D211)^$C$2,$C$3)/FACT($C$3-1) -> 0.097982683 | D211: =+(1-$D$2*$A211/$D$1*(1-$D$3*$A211/$D$1))^$D$4 -> 0.89852273 | G211: =+SQRT(1-$G$2*$A211/$G$1*(1-$G$3*$A211/$G$1)) -> 0.99974757 | H211: =+$L211/$L$9 -> 0.095423154 | I211: =+$N211/$N$9 -> 0.019992766 | J211: =+$O211/$O$9 -> 0.074026307 | K211: =+ABS(LN($C211/$H211)) -> 0.02646951 | L211: =+$L210-$P211 -> 2891012 | M211: =+$M210-$Q211-$R211 -> 2538876 | N211: =+$N210-$Q211 -> 296120 | O211: =+$O210-$R211 -> 2242756 | P211: 94098 | Q211: 11119 | R211: 76575
A212: =+$A211+$A$1 -> 2.03 | B212: =+$M212/$M$9 -> 0.056284259 | C212: =2*(($A212/$C$1*$D212)^$C$2)^$C$3*BESSELK(2*(($A212/$C$1)*$D212)^$C$2,$C$3)/FACT($C$3-1) -> 0.096558066 | D212: =+(1-$D$2*$A212/$D$1*(1-$D$3*$A212/$D$1))^$D$4 -> 0.89803924 | G212: =+SQRT(1-$G$2*$A212/$G$1*(1-$G$3*$A212/$G$1)) -> 0.99974632 | H212: =+$L212/$L$9 -> 0.095423154 | I212: =+$N212/$N$9 -> 0.019992766 | J212: =+$O212/$O$9 -> 0.074026307 | K212: =+ABS(LN($C212/$H212)) -> 0.0118233 | L212: =+$L211-$P212 -> 2891012 | M212: =+$M211-$Q212-$R212 -> 2538876 | N212: =+$N211-$Q212 -> 296120 | O212: =+$O211-$R212 -> 2242756
A213: =+$A212+$A$1 -> 2.04 | B213: =+$M213/$M$9 -> 0.054432064 | C213: =2*(($A213/$C$1*$D213)^$C$2)^$C$3*BESSELK(2*(($A213/$C$1)*$D213)^$C$2,$C$3)/FACT($C$3-1) -> 0.095154135 | D213: =+(1-$D$2*$A213/$D$1*(1-$D$3*$A213/$D$1))^$D$4 -> 0.89755596 | G213: =+SQRT(1-$G$2*$A213/$G$1*(1-$G$3*$A213/$G$1)) -> 0.99974507 | H213: =+$L213/$L$9 -> 0.092450954 | I213: =+$N213/$N$9 -> 0.019295801 | J213: =+$O213/$O$9 -> 0.071609348 | K213: =+ABS(LN($C213/$H213)) -> 0.028819777 | L213: =+$L212-$P213 -> 2800964 | M213: =+$M212-$Q213-$R213 -> 2455327 | N213: =+$N212-$Q213 -> 285797 | O213: =+$O212-$R213 -> 2169530 | P213: 90048 | Q213: 10323 | R213: 73226
A214: =+$A213+$A$1 -> 2.05 | B214: =+$M214/$M$9 -> 0.054432064 | C214: =2*(($A214/$C$1*$D214)^$C$2)^$C$3*BESSELK(2*(($A214/$C$1)*$D214)^$C$2,$C$3)/FACT($C$3-1) -> 0.093770606 | D214: =+(1-$D$2*$A214/$D$1*(1-$D$3*$A214/$D$1))^$D$4 -> 0.89707289 | G214: =+SQRT(1-$G$2*$A214/$G$1*(1-$G$3*$A214/$G$1)) -> 0.99974382 | H214: =+$L214/$L$9 -> 0.092450954 | I214: =+$N214/$N$9 -> 0.019295801 | J214: =+$O214/$O$9 -> 0.071609348 | K214: =+ABS(LN($C214/$H214)) -> 0.014173162 | L214: =+$L213-$P214 -> 2800964 | M214: =+$M213-$Q214-$R214 -> 2455327 | N214: =+$N213-$Q214 -> 285797 | O214: =+$O213-$R214 -> 2169530
A215: =+$A214+$A$1 -> 2.06 | B215: =+$M215/$M$9 -> 0.052628685 | C215: =2*(($A215/$C$1*$D215)^$C$2)^$C$3*BESSELK(2*(($A215/$C$1)*$D215)^$C$2,$C$3)/FACT($C$3-1) -> 0.092407197 | D215: =+(1-$D$2*$A215/$D$1*(1-$D$3*$A215/$D$1))^$D$4 -> 0.89659003 | G215: =+SQRT(1-$G$2*$A215/$G$1*(1-$G$3*$A215/$G$1)) -> 0.99974257 | H215: =+$L215/$L$9 -> 0.089544999 | I215: =+$N215/$N$9 -> 0.018608018 | J215: =+$O215/$O$9 -> 0.06926058 | K215: =+ABS(LN($C215/$H215)) -> 0.031463576 | L215: =+$L214-$P215 -> 2712923 | M215: =+$M214-$Q215-$R215 -> 2373980 | N215: =+$N214-$Q215 -> 275610 | O215: =+$O214-$R215 -> 2098370 | P215: 88041 | Q215: 10187 | R215: 71160
A216: =+$A215+$A$1 -> 2.07 | B216: =+$M216/$M$9 -> 0.052628685 | C216: =2*(($A216/$C$1*$D216)^$C$2)^$C$3*BESSELK(2*(($A216/$C$1)*$D216)^$C$2,$C$3)/FACT($C$3-1) -> 0.091063629 | D216: =+(1-$D$2*$A216/$D$1*(1-$D$3*$A216/$D$1))^$D$4 -> 0.89610737 | G216: =+SQRT(1-$G$2*$A216/$G$1*(1-$G$3*$A216/$G$1)) -> 0.99974132 | H216: =+$L216/$L$9 -> 0.089544999 | I216: =+$N216/$N$9 -> 0.018608018 | J216: =+$O216/$O$9 -> 0.06926058 | K216: =+ABS(LN($C216/$H216)) -> 0.016817193 | L216: =+$L215-$P216 -> 2712923 | M216: =+$M215-$Q216-$R216 -> 2373980 | N216: =+$N215-$Q216 -> 275610 | O216: =+$O215-$R216 -> 2098370
A217: =+$A216+$A$1 -> 2.08 | B217: =+$M217/$M$9 -> 0.051749331 | C217: =2*(($A217/$C$1*$D217)^$C$2)^$C$3*BESSELK(2*(($A217/$C$1)*$D217)^$C$2,$C$3)/FACT($C$3-1) -> 0.089739627 | D217: =+(1-$D$2*$A217/$D$1*(1-$D$3*$A217/$D$1))^$D$4 -> 0.89562492 | G217: =+SQRT(1-$G$2*$A217/$G$1*(1-$G$3*$A217/$G$1)) -> 0.99974007 | H217: =+$L217/$L$9 -> 0.08813432 | I217: =+$N217/$N$9 -> 0.018269562 | J217: =+$O217/$O$9 -> 0.068116794 | K217: =+ABS(LN($C217/$H217)) -> 0.018050427 | L217: =+$L216-$P217 -> 2670184 | M217: =+$M216-$Q217-$R217 -> 2334314 | N217: =+$N216-$Q217 -> 270597 | O217: =+$O216-$R217 -> 2063717 | P217: 42739 | Q217: 5013 | R217: 34653
A218: =+$A217+$A$1 -> 2.09 | B218: =+$M218/$M$9 -> 0.050896624 | C218: =2*(($A218/$C$1*$D218)^$C$2)^$C$3*BESSELK(2*(($A218/$C$1)*$D218)^$C$2,$C$3)/FACT($C$3-1) -> 0.08843492 | D218: =+(1-$D$2*$A218/$D$1*(1-$D$3*$A218/$D$1))^$D$4 -> 0.89514268 | G218: =+SQRT(1-$G$2*$A218/$G$1*(1-$G$3*$A218/$G$1)) -> 0.99973883 | H218: =+$L218/$L$9 -> 0.086743841 | I218: =+$N218/$N$9 -> 0.017947782 | J218: =+$O218/$O$9 -> 0.067004529 | K218: =+ABS(LN($C218/$H218)) -> 0.01930749 | L218: =+$L217-$P218 -> 2628057 | M218: =+$M217-$Q218-$R218 -> 2295850 | N218: =+$N217-$Q218 -> 265831 | O218: =+$O217-$R218 -> 2030019 | P218: 42127 | Q218: 4766 | R218: 33698
A219: =+$A218+$A$1 -> 2.1 | B219: =+$M219/$M$9 -> 0.050044493 | C219: =2*(($A219/$C$1*$D219)^$C$2)^$C$3*BESSELK(2*(($A219/$C$1)*$D219)^$C$2,$C$3)/FACT($C$3-1) -> 0.087149239 | D219: =+(1-$D$2*$A219/$D$1*(1-$D$3*$A219/$D$1))^$D$4 -> 0.89466065 | G219: =+SQRT(1-$G$2*$A219/$G$1*(1-$G$3*$A219/$G$1)) -> 0.99973758 | H219: =+$L219/$L$9 -> 0.085353132 | I219: =+$N219/$N$9 -> 0.017624719 | J219: =+$O219/$O$9 -> 0.06589375 | K219: =+ABS(LN($C219/$H219)) -> 0.020824898 | L219: =+$L218-$P219 -> 2585923 | M219: =+$M218-$Q219-$R219 -> 2257412 | N219: =+$N218-$Q219 -> 261046 | O219: =+$O218-$R219 -> 1996366 | P219: 42134 | Q219: 4785 | R219: 33653
A220: =+$A219+$A$1 -> 2.11 | B220: =+$M220/$M$9 -> 0.049209898 | C220: =2*(($A220/$C$1*$D220)^$C$2)^$C$3*BESSELK(2*(($A220/$C$1)*$D220)^$C$2,$C$3)/FACT($C$3-1) -> 0.085882318 | D220: =+(1-$D$2*$A220/$D$1*(1-$D$3*$A220/$D$1))^$D$4 -> 0.89417883 | G220: =+SQRT(1-$G$2*$A220/$G$1*(1-$G$3*$A220/$G$1)) -> 0.99973633 | H220: =+$L220/$L$9 -> 0.083989454 | I220: =+$N220/$N$9 -> 0.017312998 | J220: =+$O220/$O$9 -> 0.064803534 | K220: =+ABS(LN($C220/$H220)) -> 0.022286717 | L220: =+$L219-$P220 -> 2544608 | M220: =+$M219-$Q220-$R220 -> 2219765 | N220: =+$N219-$Q220 -> 256429 | O220: =+$O219-$R220 -> 1963336 | P220: 41315 | Q220: 4617 | R220: 33030
A221: =+$A220+$A$1 -> 2.12 | B221: =+$M221/$M$9 -> 0.048404389 | C221: =2*(($A221/$C$1*$D221)^$C$2)^$C$3*BESSELK(2*(($A221/$C$1)*$D221)^$C$2,$C$3)/FACT($C$3-1) -> 0.084633895 | D221: =+(1-$D$2*$A221/$D$1*(1-$D$3*$A221/$D$1))^$D$4 -> 0.89369721 | G221: =+SQRT(1-$G$2*$A221/$G$1*(1-$G$3*$A221/$G$1)) -> 0.99973508 | H221: =+$L221/$L$9 -> 0.082681129 | I221: =+$N221/$N$9 -> 0.017007557 | J221: =+$O221/$O$9 -> 0.063753553 | K221: =+ABS(LN($C221/$H221)) -> 0.023343445 | L221: =+$L220-$P221 -> 2504970 | M221: =+$M220-$Q221-$R221 -> 2183430 | N221: =+$N220-$Q221 -> 251905 | O221: =+$O220-$R221 -> 1931525 | P221: 39638 | Q221: 4524 | R221: 31811
A222: =+$A221+$A$1 -> 2.13 | B222: =+$M222/$M$9 -> 0.047610141 | C222: =2*(($A222/$C$1*$D222)^$C$2)^$C$3*BESSELK(2*(($A222/$C$1)*$D222)^$C$2,$C$3)/FACT($C$3-1) -> 0.083403711 | D222: =+(1-$D$2*$A222/$D$1*(1-$D$3*$A222/$D$1))^$D$4 -> 0.89321581 | G222: =+SQRT(1-$G$2*$A222/$G$1*(1-$G$3*$A222/$G$1)) -> 0.99973383 | H222: =+$L222/$L$9 -> 0.081397461 | I222: =+$N222/$N$9 -> 0.016704614 | J222: =+$O222/$O$9 -> 0.062719118 | K222: =+ABS(LN($C222/$H222)) -> 0.024348734 | L222: =+$L221-$P222 -> 2466079 | M222: =+$M221-$Q222-$R222 -> 2147603 | N222: =+$N221-$Q222 -> 247418 | O222: =+$O221-$R222 -> 1900185 | P222: 38891 | Q222: 4487 | R222: 31340
A223: =+$A222+$A$1 -> 2.14 | B223: =+$M223/$M$9 -> 0.046815605 | C223: =2*(($A223/$C$1*$D223)^$C$2)^$C$3*BESSELK(2*(($A223/$C$1)*$D223)^$C$2,$C$3)/FACT($C$3-1) -> 0.082191511 | D223: =+(1-$D$2*$A223/$D$1*(1-$D$3*$A223/$D$1))^$D$4 -> 0.89273462 | G223: =+SQRT(1-$G$2*$A223/$G$1*(1-$G$3*$A223/$G$1)) -> 0.99973258 | H223: =+$L223/$L$9 -> 0.080113495 | I223: =+$N223/$N$9 -> 0.016412541 | J223: =+$O223/$O$9 -> 0.06167894 | K223: =+ABS(LN($C223/$H223)) -> 0.025607707 | L223: =+$L222-$P223 -> 2427179 | M223: =+$M222-$Q223-$R223 -> 2111763 | N223: =+$N222-$Q223 -> 243092 | O223: =+$O222-$R223 -> 1868671 | P223: 38900 | Q223: 4326 | R223: 31514
A224: =+$A223+$A$1 -> 2.15 | B224: =+$M224/$M$9 -> 0.046042307 | C224: =2*(($A224/$C$1*$D224)^$C$2)^$C$3*BESSELK(2*(($A224/$C$1)*$D224)^$C$2,$C$3)/FACT($C$3-1) -> 0.08099704 | D224: =+(1-$D$2*$A224/$D$1*(1-$D$3*$A224/$D$1))^$D$4 -> 0.89225364 | G224: =+SQRT(1-$G$2*$A224/$G$1*(1-$G$3*$A224/$G$1)) -> 0.99973133 | H224: =+$L224/$L$9 -> 0.078838342 | I224: =+$N224/$N$9 -> 0.016122763 | J224: =+$O224/$O$9 -> 0.060669261 | K224: =+ABS(LN($C224/$H224)) -> 0.027013163 | L224: =+$L223-$P224 -> 2388546 | M224: =+$M223-$Q224-$R224 -> 2076881 | N224: =+$N223-$Q224 -> 238800 | O224: =+$O223-$R224 -> 1838081 | P224: 38633 | Q224: 4292 | R224: 30590
A225: =+$A224+$A$1 -> 2.16 | B225: =+$M225/$M$9 -> 0.045292641 | C225: =2*(($A225/$C$1*$D225)^$C$2)^$C$3*BESSELK(2*(($A225/$C$1)*$D225)^$C$2,$C$3)/FACT($C$3-1) -> 0.07982005 | D225: =+(1-$D$2*$A225/$D$1*(1-$D$3*$A225/$D$1))^$D$4 -> 0.89177286 | G225: =+SQRT(1-$G$2*$A225/$G$1*(1-$G$3*$A225/$G$1)) -> 0.99973008 | H225: =+$L225/$L$9 -> 0.077613194 | I225: =+$N225/$N$9 -> 0.015835754 | J225: =+$O225/$O$9 -> 0.059693413 | K225: =+ABS(LN($C225/$H225)) -> 0.028037285 | L225: =+$L224-$P225 -> 2351428 | M225: =+$M224-$Q225-$R225 -> 2043065 | N225: =+$N224-$Q225 -> 234549 | O225: =+$O224-$R225 -> 1808516 | P225: 37118 | Q225: 4251 | R225: 29565
A226: =+$A225+$A$1 -> 2.17 | B226: =+$M226/$M$9 -> 0.044560046 | C226: =2*(($A226/$C$1*$D226)^$C$2)^$C$3*BESSELK(2*(($A226/$C$1)*$D226)^$C$2,$C$3)/FACT($C$3-1) -> 0.078660293 | D226: =+(1-$D$2*$A226/$D$1*(1-$D$3*$A226/$D$1))^$D$4 -> 0.8912923 | G226: =+SQRT(1-$G$2*$A226/$G$1*(1-$G$3*$A226/$G$1)) -> 0.99972883 | H226: =+$L226/$L$9 -> 0.076424453 | I226: =+$N226/$N$9 -> 0.015566906 | J226: =+$O226/$O$9 -> 0.058734102 | K226: =+ABS(LN($C226/$H226)) -> 0.028835786 | L226: =+$L225-$P226 -> 2315413 | M226: =+$M225-$Q226-$R226 -> 2010019 | N226: =+$N225-$Q226 -> 230567 | O226: =+$O225-$R226 -> 1779452 | P226: 36015 | Q226: 3982 | R226: 29064
A227: =+$A226+$A$1 -> 2.18 | B227: =+$M227/$M$9 -> 0.043814725 | C227: =2*(($A227/$C$1*$D227)^$C$2)^$C$3*BESSELK(2*(($A227/$C$1)*$D227)^$C$2,$C$3)/FACT($C$3-1) -> 0.077517527 | D227: =+(1-$D$2*$A227/$D$1*(1-$D$3*$A227/$D$1))^$D$4 -> 0.89081195 | G227: =+SQRT(1-$G$2*$A227/$G$1*(1-$G$3*$A227/$G$1)) -> 0.99972758 | H227: =+$L227/$L$9 -> 0.075197325 | I227: =+$N227/$N$9 -> 0.015295087 | J227: =+$O227/$O$9 -> 0.057757298 | K227: =+ABS(LN($C227/$H227)) -> 0.030388406 | L227: =+$L226-$P227 -> 2278235 | M227: =+$M226-$Q227-$R227 -> 1976399 | N227: =+$N226-$Q227 -> 226541 | O227: =+$O226-$R227 -> 1749858 | P227: 37178 | Q227: 4026 | R227: 29594
A228: =+$A227+$A$1 -> 2.19 | B228: =+$M228/$M$9 -> 0.043098867 | C228: =2*(($A228/$C$1*$D228)^$C$2)^$C$3*BESSELK(2*(($A228/$C$1)*$D228)^$C$2,$C$3)/FACT($C$3-1) -> 0.07639151 | D228: =+(1-$D$2*$A228/$D$1*(1-$D$3*$A228/$D$1))^$D$4 -> 0.89033182 | G228: =+SQRT(1-$G$2*$A228/$G$1*(1-$G$3*$A228/$G$1)) -> 0.99972633 | H228: =+$L228/$L$9 -> 0.074024823 | I228: =+$N228/$N$9 -> 0.015029278 | J228: =+$O228/$O$9 -> 0.056821421 | K228: =+ABS(LN($C228/$H228)) -> 0.031471076 | L228: =+$L227-$P228 -> 2242712 | M228: =+$M227-$Q228-$R228 -> 1944108 | N228: =+$N227-$Q228 -> 222604 | O228: =+$O227-$R228 -> 1721504 | P228: 35523 | Q228: 3937 | R228: 28354
... A234: =+$A233+$A$1 -> 2.25 | B234: =+$M234/$M$9 -> 0.038417091 | C234: =2*(($A234/$C$1*$D234)^$C$2)^$C$3*BESSELK(2*(($A234/$C$1)*$D234)^$C$2,$C$3)/FACT($C$3-1) -> 0.069974048 | D234: =+(1-$D$2*$A234/$D$1*(1-$D$3*$A234/$D$1))^$D$4 -> 0.88745546 | G234: =+SQRT(1-$G$2*$A234/$G$1*(1-$G$3*$A234/$G$1)) -> 0.99971884 | H234: =+$L234/$L$9 -> 0.066349414 | I234: =+$N234/$N$9 -> 0.013305128 | J234: =+$O234/$O$9 -> 0.050693733 | K234: =+ABS(LN($C234/$H234)) -> 0.053189502 | L234: =+$L233-$P234 -> 2010172 | M234: =+$M233-$Q234-$R234 -> 1732922 | N234: =+$N233-$Q234 -> 197067 | O234: =+$O233-$R234 -> 1535855 | P234: 64126 | Q234: 7116 | R234: 51223
A235: =+$A234+$A$1 -> 2.26 | B235: =+$M235/$M$9 -> 0.038417091 | C235: =2*(($A235/$C$1*$D235)^$C$2)^$C$3*BESSELK(2*(($A235/$C$1)*$D235)^$C$2,$C$3)/FACT($C$3-1) -> 0.06895879 | D235: =+(1-$D$2*$A235/$D$1*(1-$D$3*$A235/$D$1))^$D$4 -> 0.88697682 | G235: =+SQRT(1-$G$2*$A235/$G$1*(1-$G$3*$A235/$G$1)) -> 0.99971759 | H235: =+$L235/$L$9 -> 0.066349414 | I235: =+$N235/$N$9 -> 0.013305128 | J235: =+$O235/$O$9 -> 0.050693733 | K235: =+ABS(LN($C235/$H235)) -> 0.03857415 | L235: =+$L234-$P235 -> 2010172 | M235: =+$M234-$Q235-$R235 -> 1732922 | N235: =+$N234-$Q235 -> 197067 | O235: =+$O234-$R235 -> 1535855
A236: =+$A235+$A$1 -> 2.27 | B236: =+$M236/$M$9 -> 0.03717707 | C236: =2*(($A236/$C$1*$D236)^$C$2)^$C$3*BESSELK(2*(($A236/$C$1)*$D236)^$C$2,$C$3)/FACT($C$3-1) -> 0.067958463 | D236: =+(1-$D$2*$A236/$D$1*(1-$D$3*$A236/$D$1))^$D$4 -> 0.88649839 | G236: =+SQRT(1-$G$2*$A236/$G$1*(1-$G$3*$A236/$G$1)) -> 0.99971634 | H236: =+$L236/$L$9 -> 0.064323421 | I236: =+$N236/$N$9 -> 0.012835016 | J236: =+$O236/$O$9 -> 0.049077322 | K236: =+ABS(LN($C236/$H236)) -> 0.054972858 | L236: =+$L235-$P236 -> 1948791 | M236: =+$M235-$Q236-$R236 -> 1676987 | N236: =+$N235-$Q236 -> 190104 | O236: =+$O235-$R236 -> 1486883 | P236: 61381 | Q236: 6963 | R236: 48972
...

Sheet lake_superior
A1: 0.01 | B1: 0.9 | C1: 0.85 | D1: 16 | E1: 123.03273 | H1: =+SUM(H10:H1118) -> 338.17868 | J1: best fit | K1: 0.9 | L1: 22.823147
B2: 1 | C2: 1 | D2: 2.7 | H2: goal | K2: 1 | L2: 3.3665352
B3: 1 | C3: 1 | D3: 1.05 | K3: 1 | L3: 1.4434418
D4: 0.5
D6: 2.5 | M6: =+SUM($M10:$M5000) -> 8882880
I7: Cumulative
I8: RMS | M8: RMS
C9: Model | D9: Nonlinear | E9: RMS | I9: =+M9 -> 8882880 | M9: =+SUM($M10:$M5000) -> 8882880
A10: 0.01 | C10: =2*($A10*$D10/$C$1)^$C$3*BESSELK(2*($A10*$D10/$C$1)^$C$3,$C$2)/FACT($C$2-1) -> 0.99879328 | D10: =+(1-$D$2*$A10/$D$1*(1-$D$3*$A10/$D$1))^$D$4 -> 0.99915645 | E10: =+$I10/$I$9 -> 1 | H10: =+ABS(LN($C10/$E10)) -> 0.0012074468 | I10: =+$I9-$M10 -> 8882880
A11: =+$A10+$A$1 -> 0.02 | C11: =2*($A11*$D11/$C$1)^$C$3*BESSELK(2*($A11*$D11/$C$1)^$C$3,$C$2)/FACT($C$2-1) -> 0.99594429 | D11: =+(1-$D$2*$A11/$D$1*(1-$D$3*$A11/$D$1))^$D$4 -> 0.99831329 | E11: =+$I11/$I$9 -> 1 | H11: =+ABS(LN($C11/$E11)) -> 0.0040639528 | I11: =+$I10-$M11 -> 8882880
A12: =+$A11+$A$1 -> 0.03 | C12: =2*($A12*$D12/$C$1)^$C$3*BESSELK(2*($A12*$D12/$C$1)^$C$3,$C$2)/FACT($C$2-1) -> 0.99188987 | D12: =+(1-$D$2*$A12/$D$1*(1-$D$3*$A12/$D$1))^$D$4 -> 0.99747053 | E12: =+$I12/$I$9 -> 1 | H12: =+ABS(LN($C12/$E12)) -> 0.0081431961 | I12: =+$I11-$M12 -> 8882880
A13: =+$A12+$A$1 -> 0.04 | C13: =2*($A13*$D13/$C$1)^$C$3*BESSELK(2*($A13*$D13/$C$1)^$C$3,$C$2)/FACT($C$2-1) -> 0.98686109 | D13: =+(1-$D$2*$A13/$D$1*(1-$D$3*$A13/$D$1))^$D$4 -> 0.99662817 | E13: =+$I13/$I$9 -> 1 | H13: =+ABS(LN($C13/$E13)) -> 0.013225985 | I13: =+$I12-$M13 -> 8882880
A14: =+$A13+$A$1 -> 0.05 | C14: =2*($A14*$D14/$C$1)^$C$3*BESSELK(2*($A14*$D14/$C$1)^$C$3,$C$2)/FACT($C$2-1) -> 0.98101742 | D14: =+(1-$D$2*$A14/$D$1*(1-$D$3*$A14/$D$1))^$D$4 -> 0.99578621 | E14: =+$I14/$I$9 -> 1 | H14: =+ABS(LN($C14/$E14)) -> 0.01916506 | I14: =+$I13-$M14 -> 8882880
A15: =+$A14+$A$1 -> 0.06 | C15: =2*($A15*$D15/$C$1)^$C$3*BESSELK(2*($A15*$D15/$C$1)^$C$3,$C$2)/FACT($C$2-1) -> 0.9744799 | D15: =+(1-$D$2*$A15/$D$1*(1-$D$3*$A15/$D$1))^$D$4 -> 0.99494466 | E15: =+$I15/$I$9 -> 1 | H15: =+ABS(LN($C15/$E15)) -> 0.025851389 | I15: =+$I14-$M15 -> 8882880
A16: =+$A15+$A$1 -> 0.07 | C16: =2*($A16*$D16/$C$1)^$C$3*BESSELK(2*($A16*$D16/$C$1)^$C$3,$C$2)/FACT($C$2-1) -> 0.96734532 | D16: =+(1-$D$2*$A16/$D$1*(1-$D$3*$A16/$D$1))^$D$4 -> 0.9941035 | E16: =+$I16/$I$9 -> 1 | H16: =+ABS(LN($C16/$E16)) -> 0.033199747 | I16: =+$I15-$M16 -> 8882880
A17: =+$A16+$A$1 -> 0.08 | C17: =2*($A17*$D17/$C$1)^$C$3*BESSELK(2*($A17*$D17/$C$1)^$C$3,$C$2)/FACT($C$2-1) -> 0.95969367 | D17: =+(1-$D$2*$A17/$D$1*(1-$D$3*$A17/$D$1))^$D$4 -> 0.99326274 | E17: =+$I17/$I$9 -> 1 | H17: =+ABS(LN($C17/$E17)) -> 0.041141135 | I17: =+$I16-$M17 -> 8882880
A18: =+$A17+$A$1 -> 0.09 | C18: =2*($A18*$D18/$C$1)^$C$3*BESSELK(2*($A18*$D18/$C$1)^$C$3,$C$2)/FACT($C$2-1) -> 0.9515926 | D18: =+(1-$D$2*$A18/$D$1*(1-$D$3*$A18/$D$1))^$D$4 -> 0.99242239 | E18: =+$I18/$I$9 -> 1 | H18: =+ABS(LN($C18/$E18)) -> 0.049618274 | I18: =+$I17-$M18 -> 8882880
A19: =+$A18+$A$1 -> 0.1 | C19: =2*($A19*$D19/$C$1)^$C$3*BESSELK(2*($A19*$D19/$C$1)^$C$3,$C$2)/FACT($C$2-1) -> 0.94310022 | D19: =+(1-$D$2*$A19/$D$1*(1-$D$3*$A19/$D$1))^$D$4 -> 0.99158244 | E19: =+$I19/$I$9 -> 0.9781322 | H19: =+ABS(LN($C19/$E19)) -> 0.036472281 | I19: =+$I18-$M19 -> 8688631 | M19: 194249
A20: =+$A19+$A$1 -> 0.11 | C20: =2*($A20*$D20/$C$1)^$C$3*BESSELK(2*($A20*$D20/$C$1)^$C$3,$C$2)/FACT($C$2-1) -> 0.93426711 | D20: =+(1-$D$2*$A20/$D$1*(1-$D$3*$A20/$D$1))^$D$4 -> 0.9907429 | E20: =+$I20/$I$9 -> 0.9781322 | H20: =+ABS(LN($C20/$E20)) -> 0.045882454 | I20: =+$I19-$M20 -> 8688631
A21: =+$A20+$A$1 -> 0.12 | C21: =2*($A21*$D21/$C$1)^$C$3*BESSELK(2*($A21*$D21/$C$1)^$C$3,$C$2)/FACT($C$2-1) -> 0.92513771 | D21: =+(1-$D$2*$A21/$D$1*(1-$D$3*$A21/$D$1))^$D$4 -> 0.98990377 | E21: =+$I21/$I$9 -> 0.9781322 | H21: =+ABS(LN($C21/$E21)) -> 0.05570224 | I21: =+$I20-$M21 -> 8688631
A22: =+$A21+$A$1 -> 0.13 | C22: =2*($A22*$D22/$C$1)^$C$3*BESSELK(2*($A22*$D22/$C$1)^$C$3,$C$2)/FACT($C$2-1) -> 0.91575135 | D22: =+(1-$D$2*$A22/$D$1*(1-$D$3*$A22/$D$1))^$D$4 -> 0.98906504 | E22: =+$I22/$I$9 -> 0.9781322 | H22: =+ABS(LN($C22/$E22)) -> 0.065899964 | I22: =+$I21-$M22 -> 8688631
A23: =+$A22+$A$1 -> 0.14 | C23: =2*($A23*$D23/$C$1)^$C$3*BESSELK(2*($A23*$D23/$C$1)^$C$3,$C$2)/FACT($C$2-1) -> 0.90614309 | D23: =+(1-$D$2*$A23/$D$1*(1-$D$3*$A23/$D$1))^$D$4 -> 0.98822672 | E23: =+$I23/$I$9 -> 0.9781322 | H23: =+ABS(LN($C23/$E23)) -> 0.07644761 | I23: =+$I22-$M23 -> 8688631
A24: =+$A23+$A$1 -> 0.15 | C24: =2*($A24*$D24/$C$1)^$C$3*BESSELK(2*($A24*$D24/$C$1)^$C$3,$C$2)/FACT($C$2-1) -> 0.89634431 | D24: =+(1-$D$2*$A24/$D$1*(1-$D$3*$A24/$D$1))^$D$4 -> 0.98738881 | E24: =+$I24/$I$9 -> 0.9781322 | H24: =+ABS(LN($C24/$E24)) -> 0.087320227 | I24: =+$I23-$M24 -> 8688631
A25: =+$A24+$A$1 -> 0.16 | C25: =2*($A25*$D25/$C$1)^$C$3*BESSELK(2*($A25*$D25/$C$1)^$C$3,$C$2)/FACT($C$2-1) -> 0.88638322 | D25: =+(1-$D$2*$A25/$D$1*(1-$D$3*$A25/$D$1))^$D$4 -> 0.98655132 | E25: =+$I25/$I$9 -> 0.9781322 | H25: =+ABS(LN($C25/$E25)) -> 0.098495449 | I25: =+$I24-$M25 -> 8688631
A26: =+$A25+$A$1 -> 0.17 | C26: =2*($A26*$D26/$C$1)^$C$3*BESSELK(2*($A26*$D26/$C$1)^$C$3,$C$2)/FACT($C$2-1) -> 0.87628529 | D26: =+(1-$D$2*$A26/$D$1*(1-$D$3*$A26/$D$1))^$D$4 -> 0.98571423 | E26: =+$I26/$I$9 -> 0.9781322 | H26: =+ABS(LN($C26/$E26)) -> 0.10995313 | I26: =+$I25-$M26 -> 8688631
A27: =+$A26+$A$1 -> 0.18 | C27: =2*($A27*$D27/$C$1)^$C$3*BESSELK(2*($A27*$D27/$C$1)^$C$3,$C$2)/FACT($C$2-1) -> 0.86607355 | D27: =+(1-$D$2*$A27/$D$1*(1-$D$3*$A27/$D$1))^$D$4 -> 0.98487756 | E27: =+$I27/$I$9 -> 0.9781322 | H27: =+ABS(LN($C27/$E27)) -> 0.12167501 | I27: =+$I26-$M27 -> 8688631
A28: =+$A27+$A$1 -> 0.19 | C28: =2*($A28*$D28/$C$1)^$C$3*BESSELK(2*($A28*$D28/$C$1)^$C$3,$C$2)/FACT($C$2-1) -> 0.85576888 | D28: =+(1-$D$2*$A28/$D$1*(1-$D$3*$A28/$D$1))^$D$4 -> 0.9840413 | E28: =+$I28/$I$9 -> 0.9781322 | H28: =+ABS(LN($C28/$E28)) -> 0.1336445 | I28: =+$I27-$M28 -> 8688631
A29: =+$A28+$A$1 -> 0.2 | C29: =2*($A29*$D29/$C$1)^$C$3*BESSELK(2*($A29*$D29/$C$1)^$C$3,$C$2)/FACT($C$2-1) -> 0.84539027 | D29: =+(1-$D$2*$A29/$D$1*(1-$D$3*$A29/$D$1))^$D$4 -> 0.98320546 | E29: =+$I29/$I$9 -> 0.91083196 | H29: =+ABS(LN($C29/$E29)) -> 0.074560042 | I29: =+$I28-$M29 -> 8090811 | M29: 597820
A30: =+$A29+$A$1 -> 0.21 | C30: =2*($A30*$D30/$C$1)^$C$3*BESSELK(2*($A30*$D30/$C$1)^$C$3,$C$2)/FACT($C$2-1) -> 0.83495501 | D30: =+(1-$D$2*$A30/$D$1*(1-$D$3*$A30/$D$1))^$D$4 -> 0.98237003 | E30: =+$I30/$I$9 -> 0.91083196 | H30: =+ABS(LN($C30/$E30)) -> 0.086980581 | I30: =+$I29-$M30 -> 8090811
A31: =+$A30+$A$1 -> 0.22 | C31: =2*($A31*$D31/$C$1)^$C$3*BESSELK(2*($A31*$D31/$C$1)^$C$3,$C$2)/FACT($C$2-1) -> 0.82447884 | D31: =+(1-$D$2*$A31/$D$1*(1-$D$3*$A31/$D$1))^$D$4 -> 0.98153502 | E31: =+$I31/$I$9 -> 0.91083196 | H31: =+ABS(LN($C31/$E31)) -> 0.099606946 | I31: =+$I30-$M31 -> 8090811
A32: =+$A31+$A$1 -> 0.23 | C32: =2*($A32*$D32/$C$1)^$C$3*BESSELK(2*($A32*$D32/$C$1)^$C$3,$C$2)/FACT($C$2-1) -> 0.81397614 | D32: =+(1-$D$2*$A32/$D$1*(1-$D$3*$A32/$D$1))^$D$4 -> 0.98070043 | E32: =+$I32/$I$9 -> 0.91083196 | H32: =+ABS(LN($C32/$E32)) -> 0.11242738 | I32: =+$I31-$M32 -> 8090811
A33: =+$A32+$A$1 -> 0.24 | C33: =2*($A33*$D33/$C$1)^$C$3*BESSELK(2*($A33*$D33/$C$1)^$C$3,$C$2)/FACT($C$2-1) -> 0.80346002 | D33: =+(1-$D$2*$A33/$D$1*(1-$D$3*$A33/$D$1))^$D$4 -> 0.97986625 | E33: =+$I33/$I$9 -> 0.91083196 | H33: =+ABS(LN($C33/$E33)) -> 0.125431 | I33: =+$I32-$M33 -> 8090811
A34: =+$A33+$A$1 -> 0.25 | C34: =2*($A34*$D34/$C$1)^$C$3*BESSELK(2*($A34*$D34/$C$1)^$C$3,$C$2)/FACT($C$2-1) -> 0.79294247 | D34: =+(1-$D$2*$A34/$D$1*(1-$D$3*$A34/$D$1))^$D$4 -> 0.9790325 | E34: =+$I34/$I$9 -> 0.91083196 | H34: =+ABS(LN($C34/$E34)) -> 0.13860775 | I34: =+$I33-$M34 -> 8090811
A35: =+$A34+$A$1 -> 0.26 | C35: =2*($A35*$D35/$C$1)^$C$3*BESSELK(2*($A35*$D35/$C$1)^$C$3,$C$2)/FACT($C$2-1) -> 0.78243446 | D35: =+(1-$D$2*$A35/$D$1*(1-$D$3*$A35/$D$1))^$D$4 -> 0.97819917 | E35: =+$I35/$I$9 -> 0.91083196 | H35: =+ABS(LN($C35/$E35)) -> 0.15194826 | I35: =+$I34-$M35 -> 8090811
A36: =+$A35+$A$1 -> 0.27 | C36: =2*($A36*$D36/$C$1)^$C$3*BESSELK(2*($A36*$D36/$C$1)^$C$3,$C$2)/FACT($C$2-1) -> 0.77194599 | D36: =+(1-$D$2*$A36/$D$1*(1-$D$3*$A36/$D$1))^$D$4 -> 0.97736626 | E36: =+$I36/$I$9 -> 0.91083196 | H36: =+ABS(LN($C36/$E36)) -> 0.16544383 | I36: =+$I35-$M36 -> 8090811
A37: =+$A36+$A$1 -> 0.28 | C37: =2*($A37*$D37/$C$1)^$C$3*BESSELK(2*($A37*$D37/$C$1)^$C$3,$C$2)/FACT($C$2-1) -> 0.76148623 | D37: =+(1-$D$2*$A37/$D$1*(1-$D$3*$A37/$D$1))^$D$4 -> 0.97653378 | E37: =+$I37/$I$9 -> 0.91083196 | H37: =+ABS(LN($C37/$E37)) -> 0.17908634 | I37: =+$I36-$M37 -> 8090811
A38: =+$A37+$A$1 -> 0.29 | C38: =2*($A38*$D38/$C$1)^$C$3*BESSELK(2*($A38*$D38/$C$1)^$C$3,$C$2)/FACT($C$2-1) -> 0.75106353 | D38: =+(1-$D$2*$A38/$D$1*(1-$D$3*$A38/$D$1))^$D$4 -> 0.97570172 | E38: =+$I38/$I$9 -> 0.91083196 | H38: =+ABS(LN($C38/$E38)) -> 0.19286818 | I38: =+$I37-$M38 -> 8090811
A39: =+$A38+$A$1 -> 0.3 | C39: =2*($A39*$D39/$C$1)^$C$3*BESSELK(2*($A39*$D39/$C$1)^$C$3,$C$2)/FACT($C$2-1) -> 0.74068554 | D39: =+(1-$D$2*$A39/$D$1*(1-$D$3*$A39/$D$1))^$D$4 -> 0.97487008 | E39: =+$I39/$I$9 -> 0.81816911 | H39: =+ABS(LN($C39/$E39)) -> 0.099492886 | I39: =+$I38-$M39 -> 7267698 | M39: 823113
A40: =+$A39+$A$1 -> 0.31 | C40: =2*($A40*$D40/$C$1)^$C$3*BESSELK(2*($A40*$D40/$C$1)^$C$3,$C$2)/FACT($C$2-1) -> 0.73035923 | D40: =+(1-$D$2*$A40/$D$1*(1-$D$3*$A40/$D$1))^$D$4 -> 0.97403888 | E40: =+$I40/$I$9 -> 0.81816911 | H40: =+ABS(LN($C40/$E40)) -> 0.11353253 | I40: =+$I39-$M40 -> 7267698
A41: =+$A40+$A$1 -> 0.32 | C41: =2*($A41*$D41/$C$1)^$C$3*BESSELK(2*($A41*$D41/$C$1)^$C$3,$C$2)/FACT($C$2-1) -> 0.72009097 | D41: =+(1-$D$2*$A41/$D$1*(1-$D$3*$A41/$D$1))^$D$4 -> 0.9732081 | E41: =+$I41/$I$9 -> 0.81816911 | H41: =+ABS(LN($C41/$E41)) -> 0.12769149 | I41: =+$I40-$M41 -> 7267698
A42: =+$A41+$A$1 -> 0.33 | C42: =2*($A42*$D42/$C$1)^$C$3*BESSELK(2*($A42*$D42/$C$1)^$C$3,$C$2)/FACT($C$2-1) -> 0.70988656 | D42: =+(1-$D$2*$A42/$D$1*(1-$D$3*$A42/$D$1))^$D$4 -> 0.97237775 | E42: =+$I42/$I$9 -> 0.81816911 | H42: =+ABS(LN($C42/$E42)) -> 0.14196387 | I42: =+$I41-$M42 -> 7267698
A43: =+$A42+$A$1 -> 0.34 | C43: =2*($A43*$D43/$C$1)^$C$3*BESSELK(2*($A43*$D43/$C$1)^$C$3,$C$2)/FACT($C$2-1) -> 0.69975126 | D43: =+(1-$D$2*$A43/$D$1*(1-$D$3*$A43/$D$1))^$D$4 -> 0.97154783 | E43: =+$I43/$I$9 -> 0.81816911 | H43: =+ABS(LN($C43/$E43)) -> 0.15634412 | I43: =+$I42-$M43 -> 7267698
A44: =+$A43+$A$1 -> 0.35 | C44: =2*($A44*$D44/$C$1)^$C$3*BESSELK(2*($A44*$D44/$C$1)^$C$3,$C$2)/FACT($C$2-1) -> 0.68968987 | D44: =+(1-$D$2*$A44/$D$1*(1-$D$3*$A44/$D$1))^$D$4 -> 0.97071834 | E44: =+$I44/$I$9 -> 0.81816911 | H44: =+ABS(LN($C44/$E44)) -> 0.17082702 | I44: =+$I43-$M44 -> 7267698
A45: =+$A44+$A$1 -> 0.36 | C45: =2*($A45*$D45/$C$1)^$C$3*BESSELK(2*($A45*$D45/$C$1)^$C$3,$C$2)/FACT($C$2-1) -> 0.67970674 | D45: =+(1-$D$2*$A45/$D$1*(1-$D$3*$A45/$D$1))^$D$4 -> 0.96988928 | E45: =+$I45/$I$9 -> 0.81816911 | H45: =+ABS(LN($C45/$E45)) -> 0.18540761 | I45: =+$I44-$M45 -> 7267698
A46: =+$A45+$A$1 -> 0.37 | C46: =2*($A46*$D46/$C$1)^$C$3*BESSELK(2*($A46*$D46/$C$1)^$C$3,$C$2)/FACT($C$2-1) -> 0.66980579 | D46: =+(1-$D$2*$A46/$D$1*(1-$D$3*$A46/$D$1))^$D$4 -> 0.96906066 | E46: =+$I46/$I$9 -> 0.81816911 | H46: =+ABS(LN($C46/$E46)) -> 0.20008124 | I46: =+$I45-$M46 -> 7267698
A47: =+$A46+$A$1 -> 0.38 | C47: =2*($A47*$D47/$C$1)^$C$3*BESSELK(2*($A47*$D47/$C$1)^$C$3,$C$2)/FACT($C$2-1) -> 0.65999059 | D47: =+(1-$D$2*$A47/$D$1*(1-$D$3*$A47/$D$1))^$D$4 -> 0.96823247 | E47: =+$I47/$I$9 -> 0.81816911 | H47: =+ABS(LN($C47/$E47)) -> 0.21484347 | I47: =+$I46-$M47 -> 7267698
A48: =+$A47+$A$1 -> 0.39 | C48: =2*($A48*$D48/$C$1)^$C$3*BESSELK(2*($A48*$D48/$C$1)^$C$3,$C$2)/FACT($C$2-1) -> 0.65026432 | D48: =+(1-$D$2*$A48/$D$1*(1-$D$3*$A48/$D$1))^$D$4 -> 0.96740472 | E48: =+$I48/$I$9 -> 0.81816911 | H48: =+ABS(LN($C48/$E48)) -> 0.22969012 | I48: =+$I47-$M48 -> 7267698
A49: =+$A48+$A$1 -> 0.4 | C49: =2*($A49*$D49/$C$1)^$C$3*BESSELK(2*($A49*$D49/$C$1)^$C$3,$C$2)/FACT($C$2-1) -> 0.64062986 | D49: =+(1-$D$2*$A49/$D$1*(1-$D$3*$A49/$D$1))^$D$4 -> 0.9665774 | E49: =+$I49/$I$9 -> 0.71633243 | H49: =+ABS(LN($C49/$E49)) -> 0.1116925 | I49: =+$I48-$M49 -> 6363095 | M49: 904603
A50: =+$A49+$A$1 -> 0.41 | C50: =2*($A50*$D50/$C$1)^$C$3*BESSELK(2*($A50*$D50/$C$1)^$C$3,$C$2)/FACT($C$2-1) -> 0.63108976 | D50: =+(1-$D$2*$A50/$D$1*(1-$D$3*$A50/$D$1))^$D$4 -> 0.96575052 | E50: =+$I50/$I$9 -> 0.71633243 | H50: =+ABS(LN($C50/$E50)) -> 0.12669624 | I50: =+$I49-$M50 -> 6363095
A51: =+$A50+$A$1 -> 0.42 | C51: =2*($A51*$D51/$C$1)^$C$3*BESSELK(2*($A51*$D51/$C$1)^$C$3,$C$2)/FACT($C$2-1) -> 0.62164631 | D51: =+(1-$D$2*$A51/$D$1*(1-$D$3*$A51/$D$1))^$D$4 -> 0.96492409 | E51: =+$I51/$I$9 -> 0.71633243 | H51: =+ABS(LN($C51/$E51)) -> 0.14177305 | I51: =+$I50-$M51 -> 6363095
A52: =+$A51+$A$1 -> 0.43 | C52: =2*($A52*$D52/$C$1)^$C$3*BESSELK(2*($A52*$D52/$C$1)^$C$3,$C$2)/FACT($C$2-1) -> 0.61230151 | D52: =+(1-$D$2*$A52/$D$1*(1-$D$3*$A52/$D$1))^$D$4 -> 0.96409809 | E52: =+$I52/$I$9 -> 0.71633243 | H52: =+ABS(LN($C52/$E52)) -> 0.15691952 | I52: =+$I51-$M52 -> 6363095
A53: =+$A52+$A$1 -> 0.44 | C53: =2*($A53*$D53/$C$1)^$C$3*BESSELK(2*($A53*$D53/$C$1)^$C$3,$C$2)/FACT($C$2-1) -> 0.60305714 | D53: =+(1-$D$2*$A53/$D$1*(1-$D$3*$A53/$D$1))^$D$4 -> 0.96327253 | E53: =+$I53/$I$9 -> 0.71633243 | H53: =+ABS(LN($C53/$E53)) -> 0.17213239 | I53: =+$I52-$M53 -> 6363095
A54: =+$A53+$A$1 -> 0.45 | C54: =2*($A54*$D54/$C$1)^$C$3*BESSELK(2*($A54*$D54/$C$1)^$C$3,$C$2)/FACT($C$2-1) -> 0.59391474 | D54: =+(1-$D$2*$A54/$D$1*(1-$D$3*$A54/$D$1))^$D$4 -> 0.96244742 | E54: =+$I54/$I$9 -> 0.71633243 | H54: =+ABS(LN($C54/$E54)) -> 0.18740857 | I54: =+$I53-$M54 -> 6363095
A55: =+$A54+$A$1 -> 0.46 | C55: =2*($A55*$D55/$C$1)^$C$3*BESSELK(2*($A55*$D55/$C$1)^$C$3,$C$2)/FACT($C$2-1) -> 0.58487565 | D55: =+(1-$D$2*$A55/$D$1*(1-$D$3*$A55/$D$1))^$D$4 -> 0.96162275 | E55: =+$I55/$I$9 -> 0.71633243 | H55: =+ABS(LN($C55/$E55)) -> 0.20274508 | I55: =+$I54-$M55 -> 6363095
A56: =+$A55+$A$1 -> 0.47 | C56: =2*($A56*$D56/$C$1)^$C$3*BESSELK(2*($A56*$D56/$C$1)^$C$3,$C$2)/FACT($C$2-1) -> 0.575941 | D56: =+(1-$D$2*$A56/$D$1*(1-$D$3*$A56/$D$1))^$D$4 -> 0.96079852 | E56: =+$I56/$I$9 -> 0.71633243 | H56: =+ABS(LN($C56/$E56)) -> 0.21813912 | I56: =+$I55-$M56 -> 6363095
A57: =+$A56+$A$1 -> 0.48 | C57: =2*($A57*$D57/$C$1)^$C$3*BESSELK(2*($A57*$D57/$C$1)^$C$3,$C$2)/FACT($C$2-1) -> 0.56711174 | D57: =+(1-$D$2*$A57/$D$1*(1-$D$3*$A57/$D$1))^$D$4 -> 0.95997474 | E57: =+$I57/$I$9 -> 0.71633243 | H57: =+ABS(LN($C57/$E57)) -> 0.23358798 | I57: =+$I56-$M57 -> 6363095
A58: =+$A57+$A$1 -> 0.49 | C58: =2*($A58*$D58/$C$1)^$C$3*BESSELK(2*($A58*$D58/$C$1)^$C$3,$C$2)/FACT($C$2-1) -> 0.55838867 | D58: =+(1-$D$2*$A58/$D$1*(1-$D$3*$A58/$D$1))^$D$4 -> 0.95915141 | E58: =+$I58/$I$9 -> 0.71633243 | H58: =+ABS(LN($C58/$E58)) -> 0.24908909 | I58: =+$I57-$M58 -> 6363095
A59: =+$A58+$A$1 -> 0.5 | C59: =2*($A59*$D59/$C$1)^$C$3*BESSELK(2*($A59*$D59/$C$1)^$C$3,$C$2)/FACT($C$2-1) -> 0.5497724 | D59: =+(1-$D$2*$A59/$D$1*(1-$D$3*$A59/$D$1))^$D$4 -> 0.95832852 | E59: =+$I59/$I$9 -> 0.63171032 | H59: =+ABS(LN($C59/$E59)) -> 0.13892657 | I59: =+$I58-$M59 -> 5611407 | M59: 751688
A60: =+$A59+$A$1 -> 0.51 | C60: =2*($A60*$D60/$C$1)^$C$3*BESSELK(2*($A60*$D60/$C$1)^$C$3,$C$2)/FACT($C$2-1) -> 0.54126342 | D60: =+(1-$D$2*$A60/$D$1*(1-$D$3*$A60/$D$1))^$D$4 -> 0.95750609 | E60: =+$I60/$I$9 -> 0.63171032 | H60: =+ABS(LN($C60/$E60)) -> 0.15452487 | I60: =+$I59-$M60 -> 5611407
A61: =+$A60+$A$1 -> 0.52 | C61: =2*($A61*$D61/$C$1)^$C$3*BESSELK(2*($A61*$D61/$C$1)^$C$3,$C$2)/FACT($C$2-1) -> 0.53286207 | D61: =+(1-$D$2*$A61/$D$1*(1-$D$3*$A61/$D$1))^$D$4 -> 0.9566841 | E61: =+$I61/$I$9 -> 0.63171032 | H61: =+ABS(LN($C61/$E61)) -> 0.17016833 | I61: =+$I60-$M61 -> 5611407
A62: =+$A61+$A$1 -> 0.53 | C62: =2*($A62*$D62/$C$1)^$C$3*BESSELK(2*($A62*$D62/$C$1)^$C$3,$C$2)/FACT($C$2-1) -> 0.52456857 | D62: =+(1-$D$2*$A62/$D$1*(1-$D$3*$A62/$D$1))^$D$4 -> 0.95586257 | E62: =+$I62/$I$9 -> 0.63171032 | H62: =+ABS(LN($C62/$E62)) -> 0.18585478 | I62: =+$I61-$M62 -> 5611407
A63: =+$A62+$A$1 -> 0.54 | C63: =2*($A63*$D63/$C$1)^$C$3*BESSELK(2*($A63*$D63/$C$1)^$C$3,$C$2)/FACT($C$2-1) -> 0.51638304 | D63: =+(1-$D$2*$A63/$D$1*(1-$D$3*$A63/$D$1))^$D$4 -> 0.95504149 | E63: =+$I63/$I$9 -> 0.63171032 | H63: =+ABS(LN($C63/$E63)) -> 0.20158213 | I63: =+$I62-$M63 -> 5611407
A64: =+$A63+$A$1 -> 0.55 | C64: =2*($A64*$D64/$C$1)^$C$3*BESSELK(2*($A64*$D64/$C$1)^$C$3,$C$2)/FACT($C$2-1) -> 0.50830545 | D64: =+(1-$D$2*$A64/$D$1*(1-$D$3*$A64/$D$1))^$D$4 -> 0.95422086 | E64: =+$I64/$I$9 -> 0.63171032 | H64: =+ABS(LN($C64/$E64)) -> 0.21734839 | I64: =+$I63-$M64 -> 5611407
A65: =+$A64+$A$1 -> 0.56 | C65: =2*($A65*$D65/$C$1)^$C$3*BESSELK(2*($A65*$D65/$C$1)^$C$3,$C$2)/FACT($C$2-1) -> 0.50033571 | D65: =+(1-$D$2*$A65/$D$1*(1-$D$3*$A65/$D$1))^$D$4 -> 0.95340069 | E65: =+$I65/$I$9 -> 0.63171032 | H65: =+ABS(LN($C65/$E65)) -> 0.23315165 | I65: =+$I64-$M65 -> 5611407
A66: =+$A65+$A$1 -> 0.57 | C66: =2*($A66*$D66/$C$1)^$C$3*BESSELK(2*($A66*$D66/$C$1)^$C$3,$C$2)/FACT($C$2-1) -> 0.49247362 | D66: =+(1-$D$2*$A66/$D$1*(1-$D$3*$A66/$D$1))^$D$4 -> 0.95258097 | E66: =+$I66/$I$9 -> 0.63171032 | H66: =+ABS(LN($C66/$E66)) -> 0.24899005 | I66: =+$I65-$M66 -> 5611407
A67: =+$A66+$A$1 -> 0.58 | C67: =2*($A67*$D67/$C$1)^$C$3*BESSELK(2*($A67*$D67/$C$1)^$C$3,$C$2)/FACT($C$2-1) -> 0.48471888 | D67: =+(1-$D$2*$A67/$D$1*(1-$D$3*$A67/$D$1))^$D$4 -> 0.95176172 | E67: =+$I67/$I$9 -> 0.63171032 | H67: =+ABS(LN($C67/$E67)) -> 0.26486184 | I67: =+$I66-$M67 -> 5611407
A68: =+$A67+$A$1 -> 0.59 | C68: =2*($A68*$D68/$C$1)^$C$3*BESSELK(2*($A68*$D68/$C$1)^$C$3,$C$2)/FACT($C$2-1) -> 0.47707115 | D68: =+(1-$D$2*$A68/$D$1*(1-$D$3*$A68/$D$1))^$D$4 -> 0.95094292 | E68: =+$I68/$I$9 -> 0.63171032 | H68: =+ABS(LN($C68/$E68)) -> 0.28076531 | I68: =+$I67-$M68 -> 5611407
A69: =+$A68+$A$1 -> 0.6 | C69: =2*($A69*$D69/$C$1)^$C$3*BESSELK(2*($A69*$D69/$C$1)^$C$3,$C$2)/FACT($C$2-1) -> 0.46952997 | D69: =+(1-$D$2*$A69/$D$1*(1-$D$3*$A69/$D$1))^$D$4 -> 0.95012458 | E69: =+$I69/$I$9 -> 0.53281244 | H69: =+ABS(LN($C69/$E69)) -> 0.12643735 | I69: =+$I68-$M69 -> 4732909 | M69: 878498
A70: =+$A69+$A$1 -> 0.61 | C70: =2*($A70*$D70/$C$1)^$C$3*BESSELK(2*($A70*$D70/$C$1)^$C$3,$C$2)/FACT($C$2-1) -> 0.46209484 | D70: =+(1-$D$2*$A70/$D$1*(1-$D$3*$A70/$D$1))^$D$4 -> 0.9493067 | E70: =+$I70/$I$9 -> 0.53281244 | H70: =+ABS(LN($C70/$E70)) -> 0.14239932 | I70: =+$I69-$M70 -> 4732909
A71: =+$A70+$A$1 -> 0.62 | C71: =2*($A71*$D71/$C$1)^$C$3*BESSELK(2*($A71*$D71/$C$1)^$C$3,$C$2)/FACT($C$2-1) -> 0.4547652 | D71: =+(1-$D$2*$A71/$D$1*(1-$D$3*$A71/$D$1))^$D$4 -> 0.94848929 | E71: =+$I71/$I$9 -> 0.53281244 | H71: =+ABS(LN($C71/$E71)) -> 0.15838823 | I71: =+$I70-$M71 -> 4732909
A72: =+$A71+$A$1 -> 0.63 | C72: =2*($A72*$D72/$C$1)^$C$3*BESSELK(2*($A72*$D72/$C$1)^$C$3,$C$2)/FACT($C$2-1) -> 0.44754042 | D72: =+(1-$D$2*$A72/$D$1*(1-$D$3*$A72/$D$1))^$D$4 -> 0.94767234 | E72: =+$I72/$I$9 -> 0.53281244 | H72: =+ABS(LN($C72/$E72)) -> 0.17440262 | I72: =+$I71-$M72 -> 4732909
A73: =+$A72+$A$1 -> 0.64 | C73: =2*($A73*$D73/$C$1)^$C$3*BESSELK(2*($A73*$D73/$C$1)^$C$3,$C$2)/FACT($C$2-1) -> 0.44041981 | D73: =+(1-$D$2*$A73/$D$1*(1-$D$3*$A73/$D$1))^$D$4 -> 0.94685585 | E73: =+$I73/$I$9 -> 0.53281244 | H73: =+ABS(LN($C73/$E73)) -> 0.19044108 | I73: =+$I72-$M73 -> 4732909
A74: =+$A73+$A$1 -> 0.65 | C74: =2*($A74*$D74/$C$1)^$C$3*BESSELK(2*($A74*$D74/$C$1)^$C$3,$C$2)/FACT($C$2-1) -> 0.43340266 | D74: =+(1-$D$2*$A74/$D$1*(1-$D$3*$A74/$D$1))^$D$4 -> 0.94603983 | E74: =+$I74/$I$9 -> 0.53281244 | H74: =+ABS(LN($C74/$E74)) -> 0.20650225 | I74: =+$I73-$M74 -> 4732909
A75: =+$A74+$A$1 -> 0.66 | C75: =2*($A75*$D75/$C$1)^$C$3*BESSELK(2*($A75*$D75/$C$1)^$C$3,$C$2)/FACT($C$2-1) -> 0.42648818 | D75: =+(1-$D$2*$A75/$D$1*(1-$D$3*$A75/$D$1))^$D$4 -> 0.94522427 | E75: =+$I75/$I$9 -> 0.53281244 | H75: =+ABS(LN($C75/$E75)) -> 0.22258481 | I75: =+$I74-$M75 -> 4732909
A76: =+$A75+$A$1 -> 0.67 | C76: =2*($A76*$D76/$C$1)^$C$3*BESSELK(2*($A76*$D76/$C$1)^$C$3,$C$2)/FACT($C$2-1) -> 0.41967558 | D76: =+(1-$D$2*$A76/$D$1*(1-$D$3*$A76/$D$1))^$D$4 -> 0.94440919 | E76: =+$I76/$I$9 -> 0.53281244 | H76: =+ABS(LN($C76/$E76)) -> 0.2386875 | I76: =+$I75-$M76 -> 4732909
A77: =+$A76+$A$1 -> 0.68 | C77: =2*($A77*$D77/$C$1)^$C$3*BESSELK(2*($A77*$D77/$C$1)^$C$3,$C$2)/FACT($C$2-1) -> 0.41296399 | D77: =+(1-$D$2*$A77/$D$1*(1-$D$3*$A77/$D$1))^$D$4 -> 0.94359457 | E77: =+$I77/$I$9 -> 0.53281244 | H77: =+ABS(LN($C77/$E77)) -> 0.25480908 | I77: =+$I76-$M77 -> 4732909
A78: =+$A77+$A$1 -> 0.69 | C78: =2*($A78*$D78/$C$1)^$C$3*BESSELK(2*($A78*$D78/$C$1)^$C$3,$C$2)/FACT($C$2-1) -> 0.40635253 | D78: =+(1-$D$2*$A78/$D$1*(1-$D$3*$A78/$D$1))^$D$4 -> 0.94278043 | E78: =+$I78/$I$9 -> 0.53281244 | H78: =+ABS(LN($C78/$E78)) -> 0.27094839 | I78: =+$I77-$M78 -> 4732909
A79: =+$A78+$A$1 -> 0.7 | C79: =2*($A79*$D79/$C$1)^$C$3*BESSELK(2*($A79*$D79/$C$1)^$C$3,$C$2)/FACT($C$2-1) -> 0.39984029 | D79: =+(1-$D$2*$A79/$D$1*(1-$D$3*$A79/$D$1))^$D$4 -> 0.94196675 | E79: =+$I79/$I$9 -> 0.41933224 | H79: =+ABS(LN($C79/$E79)) -> 0.047598351 | I79: =+$I78-$M79 -> 3724878 | M79: 1008031
A80: =+$A79+$A$1 -> 0.71 | C80: =2*($A80*$D80/$C$1)^$C$3*BESSELK(2*($A80*$D80/$C$1)^$C$3,$C$2)/FACT($C$2-1) -> 0.39342633 | D80: =+(1-$D$2*$A80/$D$1*(1-$D$3*$A80/$D$1))^$D$4 -> 0.94115355 | E80: =+$I80/$I$9 -> 0.41933224 | H80: =+ABS(LN($C80/$E80)) -> 0.063769707 | I80: =+$I79-$M80 -> 3724878
A81: =+$A80+$A$1 -> 0.72 | C81: =2*($A81*$D81/$C$1)^$C$3*BESSELK(2*($A81*$D81/$C$1)^$C$3,$C$2)/FACT($C$2-1) -> 0.38710969 | D81: =+(1-$D$2*$A81/$D$1*(1-$D$3*$A81/$D$1))^$D$4 -> 0.94034083 | E81: =+$I81/$I$9 -> 0.41933224 | H81: =+ABS(LN($C81/$E81)) -> 0.079955467 | I81: =+$I80-$M81 -> 3724878
A82: =+$A81+$A$1 -> 0.73 | C82: =2*($A82*$D82/$C$1)^$C$3*BESSELK(2*($A82*$D82/$C$1)^$C$3,$C$2)/FACT($C$2-1) -> 0.38088936 | D82: =+(1-$D$2*$A82/$D$1*(1-$D$3*$A82/$D$1))^$D$4 -> 0.93952858 | E82: =+$I82/$I$9 -> 0.41933224 | H82: =+ABS(LN($C82/$E82)) -> 0.096154598 | I82: =+$I81-$M82 -> 3724878
A83: =+$A82+$A$1 -> 0.74 | C83: =2*($A83*$D83/$C$1)^$C$3*BESSELK(2*($A83*$D83/$C$1)^$C$3,$C$2)/FACT($C$2-1) -> 0.37476436 | D83: =+(1-$D$2*$A83/$D$1*(1-$D$3*$A83/$D$1))^$D$4 -> 0.93871681 | E83: =+$I83/$I$9 -> 0.41933224 | H83: =+ABS(LN($C83/$E83)) -> 0.1123661 | I83: =+$I82-$M83 -> 3724878
A84: =+$A83+$A$1 -> 0.75 | C84: =2*($A84*$D84/$C$1)^$C$3*BESSELK(2*($A84*$D84/$C$1)^$C$3,$C$2)/FACT($C$2-1) -> 0.36873364 | D84: =+(1-$D$2*$A84/$D$1*(1-$D$3*$A84/$D$1))^$D$4 -> 0.93790551 | E84: =+$I84/$I$9 -> 0.41933224 | H84: =+ABS(LN($C84/$E84)) -> 0.12858901 | I84: =+$I83-$M84 -> 3724878
A85: =+$A84+$A$1 -> 0.76 | C85: =2*($A85*$D85/$C$1)^$C$3*BESSELK(2*($A85*$D85/$C$1)^$C$3,$C$2)/FACT($C$2-1) -> 0.36279617 | D85: =+(1-$D$2*$A85/$D$1*(1-$D$3*$A85/$D$1))^$D$4 -> 0.9370947 | E85: =+$I85/$I$9 -> 0.41933224 | H85: =+ABS(LN($C85/$E85)) -> 0.14482238 | I85: =+$I84-$M85 -> 3724878
A86: =+$A85+$A$1 -> 0.77 | C86: =2*($A86*$D86/$C$1)^$C$3*BESSELK(2*($A86*$D86/$C$1)^$C$3,$C$2)/FACT($C$2-1) -> 0.3569509 | D86: =+(1-$D$2*$A86/$D$1*(1-$D$3*$A86/$D$1))^$D$4 -> 0.93628436 | E86: =+$I86/$I$9 -> 0.41933224 | H86: =+ABS(LN($C86/$E86)) -> 0.16106531 | I86: =+$I85-$M86 -> 3724878
A87: =+$A86+$A$1 -> 0.78 | C87: =2*($A87*$D87/$C$1)^$C$3*BESSELK(2*($A87*$D87/$C$1)^$C$3,$C$2)/FACT($C$2-1) -> 0.35119676 | D87: =+(1-$D$2*$A87/$D$1*(1-$D$3*$A87/$D$1))^$D$4 -> 0.93547451 | E87: =+$I87/$I$9 -> 0.41933224 | H87: =+ABS(LN($C87/$E87)) -> 0.17731692 | I87: =+$I86-$M87 -> 3724878
A88: =+$A87+$A$1 -> 0.79 | C88: =2*($A88*$D88/$C$1)^$C$3*BESSELK(2*($A88*$D88/$C$1)^$C$3,$C$2)/FACT($C$2-1) -> 0.34553267 | D88: =+(1-$D$2*$A88/$D$1*(1-$D$3*$A88/$D$1))^$D$4 -> 0.93466514 | E88: =+$I88/$I$9 -> 0.41933224 | H88: =+ABS(LN($C88/$E88)) -> 0.19357635 | I88: =+$I87-$M88 -> 3724878
A89: =+$A88+$A$1 -> 0.8 | C89: =2*($A89*$D89/$C$1)^$C$3*BESSELK(2*($A89*$D89/$C$1)^$C$3,$C$2)/FACT($C$2-1) -> 0.33995755 | D89: =+(1-$D$2*$A89/$D$1*(1-$D$3*$A89/$D$1))^$D$4 -> 0.93385625 | E89: =+$I89/$I$9 -> 0.35350776 | H89: =+ABS(LN($C89/$E89)) -> 0.039084673 | I89: =+$I88-$M89 -> 3140167 | M89: 584711
A90: =+$A89+$A$1 -> 0.81 | C90: =2*($A90*$D90/$C$1)^$C$3*BESSELK(2*($A90*$D90/$C$1)^$C$3,$C$2)/FACT($C$2-1) -> 0.33447031 | D90: =+(1-$D$2*$A90/$D$1*(1-$D$3*$A90/$D$1))^$D$4 -> 0.93304785 | E90: =+$I90/$I$9 -> 0.35350776 | H90: =+ABS(LN($C90/$E90)) -> 0.05535731 | I90: =+$I89-$M90 -> 3140167
A91: =+$A90+$A$1 -> 0.82 | C91: =2*($A91*$D91/$C$1)^$C$3*BESSELK(2*($A91*$D91/$C$1)^$C$3,$C$2)/FACT($C$2-1) -> 0.32906986 | D91: =+(1-$D$2*$A91/$D$1*(1-$D$3*$A91/$D$1))^$D$4 -> 0.93223994 | E91: =+$I91/$I$9 -> 0.35350776 | H91: =+ABS(LN($C91/$E91)) -> 0.071635369 | I91: =+$I90-$M91 -> 3140167
A92: =+$A91+$A$1 -> 0.83 | C92: =2*($A92*$D92/$C$1)^$C$3*BESSELK(2*($A92*$D92/$C$1)^$C$3,$C$2)/FACT($C$2-1) -> 0.32375509 | D92: =+(1-$D$2*$A92/$D$1*(1-$D$3*$A92/$D$1))^$D$4 -> 0.93143251 | E92: =+$I92/$I$9 -> 0.35350776 | H92: =+ABS(LN($C92/$E92)) -> 0.087918097 | I92: =+$I91-$M92 -> 3140167
A93: =+$A92+$A$1 -> 0.84 | C93: =2*($A93*$D93/$C$1)^$C$3*BESSELK(2*($A93*$D93/$C$1)^$C$3,$C$2)/FACT($C$2-1) -> 0.31852491 | D93: =+(1-$D$2*$A93/$D$1*(1-$D$3*$A93/$D$1))^$D$4 -> 0.93062558 | E93: =+$I93/$I$9 -> 0.35350776 | H93: =+ABS(LN($C93/$E93)) -> 0.10420476 | I93: =+$I92-$M93 -> 3140167
A94: =+$A93+$A$1 -> 0.85 | C94: =2*($A94*$D94/$C$1)^$C$3*BESSELK(2*($A94*$D94/$C$1)^$C$3,$C$2)/FACT($C$2-1) -> 0.3133782 | D94: =+(1-$D$2*$A94/$D$1*(1-$D$3*$A94/$D$1))^$D$4 -> 0.92981913 | E94: =+$I94/$I$9 -> 0.35350776 | H94: =+ABS(LN($C94/$E94)) -> 0.12049465 | I94: =+$I93-$M94 -> 3140167
A95: =+$A94+$A$1 -> 0.86 | C95: =2*($A95*$D95/$C$1)^$C$3*BESSELK(2*($A95*$D95/$C$1)^$C$3,$C$2)/FACT($C$2-1) -> 0.30831388 | D95: =+(1-$D$2*$A95/$D$1*(1-$D$3*$A95/$D$1))^$D$4 -> 0.92901318 | E95: =+$I95/$I$9 -> 0.35350776 | H95: =+ABS(LN($C95/$E95)) -> 0.13678708 | I95: =+$I94-$M95 -> 3140167
A96: =+$A95+$A$1 -> 0.87 | C96: =2*($A96*$D96/$C$1)^$C$3*BESSELK(2*($A96*$D96/$C$1)^$C$3,$C$2)/FACT($C$2-1) -> 0.30333083 | D96: =+(1-$D$2*$A96/$D$1*(1-$D$3*$A96/$D$1))^$D$4 -> 0.92820772 | E96: =+$I96/$I$9 -> 0.35350776 | H96: =+ABS(LN($C96/$E96)) -> 0.15308138 | I96: =+$I95-$M96 -> 3140167
A97: =+$A96+$A$1 -> 0.88 | C97: =2*($A97*$D97/$C$1)^$C$3*BESSELK(2*($A97*$D97/$C$1)^$C$3,$C$2)/FACT($C$2-1) -> 0.29842795 | D97: =+(1-$D$2*$A97/$D$1*(1-$D$3*$A97/$D$1))^$D$4 -> 0.92740276 | E97: =+$I97/$I$9 -> 0.35350776 | H97: =+ABS(LN($C97/$E97)) -> 0.16937689 | I97: =+$I96-$M97 -> 3140167
A98: =+$A97+$A$1 -> 0.89 | C98: =2*($A98*$D98/$C$1)^$C$3*BESSELK(2*($A98*$D98/$C$1)^$C$3,$C$2)/FACT($C$2-1) -> 0.29360415 | D98: =+(1-$D$2*$A98/$D$1*(1-$D$3*$A98/$D$1))^$D$4 -> 0.92659829 | E98: =+$I98/$I$9 -> 0.35350776 | H98: =+ABS(LN($C98/$E98)) -> 0.18567299 | I98: =+$I97-$M98 -> 3140167
A99: =+$A98+$A$1 -> 0.9 | C99: =2*($A99*$D99/$C$1)^$C$3*BESSELK(2*($A99*$D99/$C$1)^$C$3,$C$2)/FACT($C$2-1) -> 0.28885833 | D99: =+(1-$D$2*$A99/$D$1*(1-$D$3*$A99/$D$1))^$D$4 -> 0.92579432 | E99: =+$I99/$I$9 -> 0.29883799 | H99: =+ABS(LN($C99/$E99)) -> 0.033965216 | I99: =+$I98-$M99 -> 2654542 | M99: 485625
A100: =+$A99+$A$1 -> 0.91 | C100: =2*($A100*$D100/$C$1)^$C$3*BESSELK(2*($A100*$D100/$C$1)^$C$3,$C$2)/FACT($C$2-1) -> 0.2841894 | D100: =+(1-$D$2*$A100/$D$1*(1-$D$3*$A100/$D$1))^$D$4 -> 0.92499084 | E100: =+$I100/$I$9 -> 0.29883799 | H100: =+ABS(LN($C100/$E100)) -> 0.050260661 | I100: =+$I99-$M100 -> 2654542
A101: =+$A100+$A$1 -> 0.92 | C101: =2*($A101*$D101/$C$1)^$C$3*BESSELK(2*($A101*$D101/$C$1)^$C$3,$C$2)/FACT($C$2-1) -> 0.27959628 | D101: =+(1-$D$2*$A101/$D$1*(1-$D$3*$A101/$D$1))^$D$4 -> 0.92418787 | E101: =+$I101/$I$9 -> 0.29883799 | H101: =+ABS(LN($C101/$E101)) -> 0.066554889 | I101: =+$I100-$M101 -> 2654542
...

Sheet NA
A1: 0.01 | C1: 1.7 | D1: 40 | E1: 123.03273 | F1: 0.95
C2: 2 | D2: 2.5
D3: 1.75
D4: =+$D$2*$D$3 -> 4.375
D6: 40 | F6: 0.95 | M6: =+SUM($M10:$M5000) -> 0
I7: Cumulative
I8: RMS | M8: RMS
C9: Model | D9: Nonlinear | E9: North Atlantic Sea State model | F9: Tayfun | I9: =+M9 -> 0 | M9: =+SUM($M10:$M5000) -> 0
A10: 0.1 | C10: =2*($A10*$D10/$C$1)^$C$2*BESSELK(2*$A10*$D10/$C$1,$C$2)/FACT($C$2-1) -> 0.99661795 | D10: =+(1-$D$2*$A10/$D$1*(1-$D$3*$A10/$D$1)) -> 0.99377734 | E10: 0.993 | F10: =+ EXP(-($F$1*$A10+1-SQRT(2*$F$1*$A10+1))) -> 0.99587972 | I10: =+$I9-$M10 -> 0
A11: 0.5 | C11: =2*($A11*$D11/$C$1)^$C$2*BESSELK(2*$A11*$D11/$C$1,$C$2)/FACT($C$2-1) -> 0.92851739 | D11: =+(1-$D$2*$A11/$D$1*(1-$D$3*$A11/$D$1)) -> 0.96943359 | E11: =+$E10-0.068 -> 0.925 | F11: =+ EXP(-($F$1*$A11+1-SQRT(2*$F$1*$A11+1))) -> 0.9244318 | I11: =+$I10-$M11 -> 0
A12: 1.25 | C12: =2*($A12*$D12/$C$1)^$C$2*BESSELK(2*$A12*$D12/$C$1,$C$2)/FACT($C$2-1) -> 0.69991438 | D12: =+(1-$D$2*$A12/$D$1*(1-$D$3*$A12/$D$1)) -> 0.92614746 | E12: =+$E11-0.237 -> 0.688 | F12: =+ EXP(-($F$1*$A12+1-SQRT(2*$F$1*$A12+1))) -> 0.70441846 | I12: =+$I11-$M12 -> 0
A13: 2.5 | C13: =2*($A13*$D13/$C$1)^$C$2*BESSELK(2*$A13*$D13/$C$1,$C$2)/FACT($C$2-1) -> 0.37225343 | D13: =+(1-$D$2*$A13/$D$1*(1-$D$3*$A13/$D$1)) -> 0.86083984 | E13: =+$E12-0.278 -> 0.41 | F13: =+ EXP(-($F$1*$A13+1-SQRT(2*$F$1*$A13+1))) -> 0.37640701 | I13: =+$I12-$M13 -> 0
A14: 4 | C14: =2*($A14*$D14/$C$1)^$C$2*BESSELK(2*$A14*$D14/$C$1,$C$2)/FACT($C$2-1) -> 0.16800295 | D14: =+(1-$D$2*$A14/$D$1*(1-$D$3*$A14/$D$1)) -> 0.79375 | E14: =+$E13-0.2064 -> 0.2036 | F14: =+ EXP(-($F$1*$A14+1-SQRT(2*$F$1*$A14+1))) -> 0.15452114 | I14: =+$I13-$M14 -> 0
A15: 6 | C15: =2*($A15*$D15/$C$1)^$C$2*BESSELK(2*$A15*$D15/$C$1,$C$2)/FACT($C$2-1) -> 0.061171663 | D15: =+(1-$D$2*$A15/$D$1*(1-$D$3*$A15/$D$1)) -> 0.7234375 | E15: =+$E14-0.1315 -> 0.0721 | F15: =+ EXP(-($F$1*$A15+1-SQRT(2*$F$1*$A15+1))) -> 0.041642391 | I15: =+$I14-$M15 -> 0
A16: 9 | C16: =2*($A16*$D16/$C$1)^$C$2*BESSELK(2*$A16*$D16/$C$1,$C$2)/FACT($C$2-1) -> 0.013839594 | D16: =+(1-$D$2*$A16/$D$1*(1-$D$3*$A16/$D$1)) -> 0.65898437 | E16: =+$E15-0.0605 -> 0.0116 | F16: =+ EXP(-($F$1*$A16+1-SQRT(2*$F$1*$A16+1))) -> 0.0050136528 | I16: =+$I15-$M16 -> 0
A17: 14 | C17: =2*($A17*$D17/$C$1)^$C$2*BESSELK(2*$A17*$D17/$C$1,$C$2)/FACT($C$2-1) -> 0.00049668876 | D17: =+(1-$D$2*$A17/$D$1*(1-$D$3*$A17/$D$1)) -> 0.6609375 | E17: =+$E16-0.0111 -> 0.0005 | F17: =+ EXP(-($F$1*$A17+1-SQRT(2*$F$1*$A17+1))) -> 0.0001178109 | I17: =+$I16-$M17 -> 0
A18: 15 | C18: =2*($A18*$D18/$C$1)^$C$2*BESSELK(2*$A18*$D18/$C$1,$C$2)/FACT($C$2-1) -> 0.00019265988 | D18: =+(1-$D$2*$A18/$D$1*(1-$D$3*$A18/$D$1)) -> 0.67773438 | E18: =+$E17-0.0005 -> 2.6454533e-17 | F18: =+ EXP(-($F$1*$A18+1-SQRT(2*$F$1*$A18+1))) -> 5.4429202e-05 | I18: =+$I17-$M18 -> 0

Sheet Sheet1
A1: 1 | B1: 1.4
B2: 1
A3: -10 | B3: =+($B$2*ABS($A3))^$B$1 -> 25.118864
A4: =+$A3+$A$1 -> -9 | B4: =+($B$2*ABS($A4))^$B$1 -> 21.674022
A5: =+$A4+$A$1 -> -8 | B5: =+($B$2*ABS($A5))^$B$1 -> 18.379174
A6: =+$A5+$A$1 -> -7 | B6: =+($B$2*ABS($A6))^$B$1 -> 15.245345
A7: =+$A6+$A$1 -> -6 | B7: =+($B$2*ABS($A7))^$B$1 -> 12.286035
A8: =+$A7+$A$1 -> -5 | B8: =+($B$2*ABS($A8))^$B$1 -> 9.5182697
A9: =+$A8+$A$1 -> -4 | B9: =+($B$2*ABS($A9))^$B$1 -> 6.9644045
A10: =+$A9+$A$1 -> -3 | B10: =+($B$2*ABS($A10))^$B$1 -> 4.6555367
A11: =+$A10+$A$1 -> -2 | B11: =+($B$2*ABS($A11))^$B$1 -> 2.6390158
A12: =+$A11+$A$1 -> -1 | B12: =+($B$2*ABS($A12))^$B$1 -> 1
A13: =+$A12+$A$1 -> 0 | B13: =+($B$2*ABS($A13))^$B$1 -> 0
A14: =+$A13+$A$1 -> 1 | B14: =+($B$2*ABS($A14))^$B$1 -> 1
A15: =+$A14+$A$1 -> 2 | B15: =+($B$2*ABS($A15))^$B$1 -> 2.6390158
... A23: =+$A22+$A$1 -> 10 | B23: =+($B$2*ABS($A23))^$B$1 -> 25.118864
A24: =+$A23+$A$1 -> 11
A25: =+$A24+$A$1 -> 12
A26: =+$A25+$A$1 -> 13
A27: =+$A26+$A$1 -> 14
A28: =+$A27+$A$1 -> 15
A29: =+$A28+$A$1 -> 16
A30: =+$A29+$A$1 -> 17
A31: =+$A30+$A$1 -> 18
A32: =+$A31+$A$1 -> 19
A33: =+$A32+$A$1 -> 20
A34: =+$A33+$A$1 -> 21
A35: =+$A34+$A$1 -> 22
... A91: =+$A90+$A$1 -> 78

Sheet Parameters
C1: =+east_coast!D1 -> 26 | E1: =+lake_superior!D1 -> 16 | G1: =+lake_michigan!D1 -> 12.5 | H1: Average Depth
C2: =+east_coast!D2 -> 2.7 | E2: =+lake_superior!D2 -> 2.7 | G2: =+lake_michigan!D2 -> 2.7 | H2: First | I2: 2.49 | J2: from Forrestal
A3: 0.1 | C3: =+east_coast!D3 -> 1.05 | E3: =+lake_superior!D3 -> 1.05 | G3: =+lake_michigan!D3 -> 1.05 | H3: Second | I3: 1.755
C4: Atlantic Seaboard | E4: Lake Superior | G4: Lake Michigan
A5: 0 | B5: =+$A5/$C$1 -> 0 | C5: =+(1-2.5/40*$A5*(1-1.5/40*$A5)) -> 1 | D5: =+$A5/$E$1 -> 0 | E5: =+(1-2.5/27*$A5*(1-1.75/27*$A5)) -> 1 | F5: =+$A5/$G$1 -> 0 | G5: =+(1-2.4/19*$A5*(1-1.7/19*$A5)) -> 1
A6: =+$A5+$A$3 -> 0.1 | B6: =+$A6/$C$1 -> 0.0038461538 | C6: =+SQRT(1-C$2/C$1*$A6*(1-C$3/C$1*$A6)) -> 0.99481522 | D6: =+$A6/$E$1 -> 0.00625 | E6: =+SQRT(1-E$2/E$1*$A6*(1-E$3/E$1*$A6)) -> 0.99158244 | F6: =+$A6/$G$1 -> 0.008 | G6: =+SQRT(1-G$2/G$1*$A6*(1-G$3/G$1*$A6)) -> 0.98923275
A7: =+$A6+$A$3 -> 0.2 | B7: =+$A7/$C$1 -> 0.0076923077 | C7: =+SQRT(1-C$2/C$1*$A7*(1-C$3/C$1*$A7)) -> 0.98964565 | D7: =+$A7/$E$1 -> 0.0125 | E7: =+SQRT(1-E$2/E$1*$A7*(1-E$3/E$1*$A7)) -> 0.98320546 | F7: =+$A7/$G$1 -> 0.016 | G7: =+SQRT(1-G$2/G$1*$A7*(1-G$3/G$1*$A7)) -> 0.97853245
A8: =+$A7+$A$3 -> 0.3 | B8: =+$A8/$C$1 -> 0.011538462 | C8: =+SQRT(1-C$2/C$1*$A8*(1-C$3/C$1*$A8)) -> 0.98449154 | D8: =+$A8/$E$1 -> 0.01875 | E8: =+SQRT(1-E$2/E$1*$A8*(1-E$3/E$1*$A8)) -> 0.97487008 | F8: =+$A8/$G$1 -> 0.024 | G8: =+SQRT(1-G$2/G$1*$A8*(1-G$3/G$1*$A8)) -> 0.96790132
A9: =+$A8+$A$3 -> 0.4 | B9: =+$A9/$C$1 -> 0.015384615 | C9: =+SQRT(1-C$2/C$1*$A9*(1-C$3/C$1*$A9)) -> 0.97935313 | D9: =+$A9/$E$1 -> 0.025 | E9: =+SQRT(1-E$2/E$1*$A9*(1-E$3/E$1*$A9)) -> 0.9665774 | F9: =+$A9/$G$1 -> 0.032 | G9: =+SQRT(1-G$2/G$1*$A9*(1-G$3/G$1*$A9)) -> 0.95734165
A10: =+$A9+$A$3 -> 0.5 | B10: =+$A10/$C$1 -> 0.019230769 | C10: =+SQRT(1-C$2/C$1*$A10*(1-C$3/C$1*$A10)) -> 0.97423066 | D10: =+$A10/$E$1 -> 0.03125 | E10: =+SQRT(1-E$2/E$1*$A10*(1-E$3/E$1*$A10)) -> 0.95832852 | F10: =+$A10/$G$1 -> 0.04 | G10: =+SQRT(1-G$2/G$1*$A10*(1-G$3/G$1*$A10)) -> 0.94685585
A11: =+$A10+$A$3 -> 0.6 | B11: =+$A11/$C$1 -> 0.023076923 | C11: =+SQRT(1-C$2/C$1*$A11*(1-C$3/C$1*$A11)) -> 0.96912438 | D11: =+$A11/$E$1 -> 0.0375 | E11: =+SQRT(1-E$2/E$1*$A11*(1-E$3/E$1*$A11)) -> 0.95012458 | F11: =+$A11/$G$1 -> 0.048 | G11: =+SQRT(1-G$2/G$1*$A11*(1-G$3/G$1*$A11)) -> 0.93644639
A12: =+$A11+$A$3 -> 0.7 | B12: =+$A12/$C$1 -> 0.026923077 | C12: =+SQRT(1-C$2/C$1*$A12*(1-C$3/C$1*$A12)) -> 0.96403457 | D12: =+$A12/$E$1 -> 0.04375 | E12: =+SQRT(1-E$2/E$1*$A12*(1-E$3/E$1*$A12)) -> 0.94196675 | F12: =+$A12/$G$1 -> 0.056 | G12: =+SQRT(1-G$2/G$1*$A12*(1-G$3/G$1*$A12)) -> 0.92611585
A13: =+$A12+$A$3 -> 0.8 | B13: =+$A13/$C$1 -> 0.030769231 | C13: =+SQRT(1-C$2/C$1*$A13*(1-C$3/C$1*$A13)) -> 0.95896147 | D13: =+$A13/$E$1 -> 0.05 | E13: =+SQRT(1-E$2/E$1*$A13*(1-E$3/E$1*$A13)) -> 0.93385625 | F13: =+$A13/$G$1 -> 0.064 | G13: =+SQRT(1-G$2/G$1*$A13*(1-G$3/G$1*$A13)) -> 0.91586689
A14: =+$A13+$A$3 -> 0.9 | B14: =+$A14/$C$1 -> 0.034615385 | C14: =+SQRT(1-C$2/C$1*$A14*(1-C$3/C$1*$A14)) -> 0.95390536 | D14: =+$A14/$E$1 -> 0.05625 | E14: =+SQRT(1-E$2/E$1*$A14*(1-E$3/E$1*$A14)) -> 0.92579432 | F14: =+$A14/$G$1 -> 0.072 | G14: =+SQRT(1-G$2/G$1*$A14*(1-G$3/G$1*$A14)) -> 0.90570229
A15: =+$A14+$A$3 -> 1 | B15: =+$A15/$C$1 -> 0.038461538 | C15: =+SQRT(1-C$2/C$1*$A15*(1-C$3/C$1*$A15)) -> 0.9488665 | D15: =+$A15/$E$1 -> 0.0625 | E15: =+SQRT(1-E$2/E$1*$A15*(1-E$3/E$1*$A15)) -> 0.91778223 | F15: =+$A15/$G$1 -> 0.08 | G15: =+SQRT(1-G$2/G$1*$A15*(1-G$3/G$1*$A15)) -> 0.89562492
A16: =+$A15+$A$3 -> 1.1 | B16: =+$A16/$C$1 -> 0.042307692 | C16: =+SQRT(1-C$2/C$1*$A16*(1-C$3/C$1*$A16)) -> 0.94384517 | D16: =+$A16/$E$1 -> 0.06875 | E16: =+SQRT(1-E$2/E$1*$A16*(1-E$3/E$1*$A16)) -> 0.9098213 | F16: =+$A16/$G$1 -> 0.088 | G16: =+SQRT(1-G$2/G$1*$A16*(1-G$3/G$1*$A16)) -> 0.88563776
A17: =+$A16+$A$3 -> 1.2 | B17: =+$A17/$C$1 -> 0.046153846 | C17: =+SQRT(1-C$2/C$1*$A17*(1-C$3/C$1*$A17)) -> 0.93884166 | D17: =+$A17/$E$1 -> 0.075 | E17: =+SQRT(1-E$2/E$1*$A17*(1-E$3/E$1*$A17)) -> 0.9019129 | F17: =+$A17/$G$1 -> 0.096 | G17: =+SQRT(1-G$2/G$1*$A17*(1-G$3/G$1*$A17)) -> 0.87574389
... A85: =+$A84+$A$3 -> 8 | B85: =+$A85/$C$1 -> 0.30769231 | C85: =+SQRT(1-C$2/C$1*$A85*(1-C$3/C$1*$A85)) -> 0.66153846 | D85: =+$A85/$E$1 -> 0.5 | E85: =+SQRT(1-E$2/E$1*$A85*(1-E$3/E$1*$A85)) -> 0.59895743 | F85: =+$A85/$G$1 -> 0.64 | G85: =+SQRT(1-G$2/G$1*$A85*(1-G$3/G$1*$A85)) -> 0.65819146
A86: =+$A85+$A$3 -> 8.1 | B86: =+$A86/$C$1 -> 0.31153846 | C86: =+SQRT(1-C$2/C$1*$A86*(1-C$3/C$1*$A86)) -> 0.65878716 | D86: =+$A86/$E$1 -> 0.50625 | E86: =+SQRT(1-E$2/E$1*$A86*(1-E$3/E$1*$A86)) -> 0.59975369
A87: =+$A86+$A$3 -> 8.2 | B87: =+$A87/$C$1 -> 0.31538462 | C87: =+SQRT(1-C$2/C$1*$A87*(1-C$3/C$1*$A87)) -> 0.65608824 | D87: =+$A87/$E$1 -> 0.5125 | E87: =+SQRT(1-E$2/E$1*$A87*(1-E$3/E$1*$A87)) -> 0.60073328
A88: =+$A87+$A$3 -> 8.3 | B88: =+$A88/$C$1 -> 0.31923077 | C88: =+SQRT(1-C$2/C$1*$A88*(1-C$3/C$1*$A88)) -> 0.65344235 | D88: =+$A88/$E$1 -> 0.51875 | E88: =+SQRT(1-E$2/E$1*$A88*(1-E$3/E$1*$A88)) -> 0.60189528
A89: =+$A88+$A$3 -> 8.4 | B89: =+$A89/$C$1 -> 0.32307692 | C89: =+SQRT(1-C$2/C$1*$A89*(1-C$3/C$1*$A89)) -> 0.65085015 | D89: =+$A89/$E$1 -> 0.525 | E89: =+SQRT(1-E$2/E$1*$A89*(1-E$3/E$1*$A89)) -> 0.60323866
A90: =+$A89+$A$3 -> 8.5 | B90: =+$A90/$C$1 -> 0.32692308 | C90: =+SQRT(1-C$2/C$1*$A90*(1-C$3/C$1*$A90)) -> 0.64831227 | D90: =+$A90/$E$1 -> 0.53125 | E90: =+SQRT(1-E$2/E$1*$A90*(1-E$3/E$1*$A90)) -> 0.60476219
A91: =+$A90+$A$3 -> 8.6 | B91: =+$A91/$C$1 -> 0.33076923 | C91: =+SQRT(1-C$2/C$1*$A91*(1-C$3/C$1*$A91)) -> 0.64582936 | D91: =+$A91/$E$1 -> 0.5375 | E91: =+SQRT(1-E$2/E$1*$A91*(1-E$3/E$1*$A91)) -> 0.60646452
A92: =+$A91+$A$3 -> 8.7 | B92: =+$A92/$C$1 -> 0.33461538 | C92: =+SQRT(1-C$2/C$1*$A92*(1-C$3/C$1*$A92)) -> 0.64340205 | D92: =+$A92/$E$1 -> 0.54375 | E92: =+SQRT(1-E$2/E$1*$A92*(1-E$3/E$1*$A92)) -> 0.60834416
A93: =+$A92+$A$3 -> 8.8 | B93: =+$A93/$C$1 -> 0.33846154 | C93: =+SQRT(1-C$2/C$1*$A93*(1-C$3/C$1*$A93)) -> 0.64103097 | D93: =+$A93/$E$1 -> 0.55 | E93: =+SQRT(1-E$2/E$1*$A93*(1-E$3/E$1*$A93)) -> 0.61039946
A94: =+$A93+$A$3 -> 8.9 | B94: =+$A94/$C$1 -> 0.34230769 | C94: =+SQRT(1-C$2/C$1*$A94*(1-C$3/C$1*$A94)) -> 0.63871676 | D94: =+$A94/$E$1 -> 0.55625 | E94: =+SQRT(1-E$2/E$1*$A94*(1-E$3/E$1*$A94)) -> 0.61262865
A95: =+$A94+$A$3 -> 9 | B95: =+$A95/$C$1 -> 0.34615385 | C95: =+SQRT(1-C$2/C$1*$A95*(1-C$3/C$1*$A95)) -> 0.63646002 | D95: =+$A95/$E$1 -> 0.5625 | E95: =+SQRT(1-E$2/E$1*$A95*(1-E$3/E$1*$A95)) -> 0.61502985
A96: =+$A95+$A$3 -> 9.1 | B96: =+$A96/$C$1 -> 0.35 | C96: =+SQRT(1-C$2/C$1*$A96*(1-C$3/C$1*$A96)) -> 0.63426138 | D96: =+$A96/$E$1 -> 0.56875 | E96: =+SQRT(1-E$2/E$1*$A96*(1-E$3/E$1*$A96)) -> 0.61760105
A97: =+$A96+$A$3 -> 9.2 | B97: =+$A97/$C$1 -> 0.35384615 | C97: =+SQRT(1-C$2/C$1*$A97*(1-C$3/C$1*$A97)) -> 0.63212144 | D97: =+$A97/$E$1 -> 0.575 | E97: =+SQRT(1-E$2/E$1*$A97*(1-E$3/E$1*$A97)) -> 0.62034013
... A115: =+$A114+$A$3 -> 11 | B115: =+$A115/$C$1 -> 0.42307692 | C115: =+SQRT(1-C$2/C$1*$A115*(1-C$3/C$1*$A115)) -> 0.60426859 | D115: =+$A115/$E$1 -> 0.6875 | E115: =+SQRT(1-E$2/E$1*$A115*(1-E$3/E$1*$A115)) -> 0.69550735
A116: =+$A115+$A$3 -> 11.1 | B116: =+$A116/$C$1 -> 0.42692308 | C116: =+SQRT(1-C$2/C$1*$A116*(1-C$3/C$1*$A116)) -> 0.60334417
A117: =+$A116+$A$3 -> 11.2 | B117: =+$A117/$C$1 -> 0.43076923 | C117: =+SQRT(1-C$2/C$1*$A117*(1-C$3/C$1*$A117)) -> 0.60248794
A118: =+$A117+$A$3 -> 11.3 | B118: =+$A118/$C$1 -> 0.43461538 | C118: =+SQRT(1-C$2/C$1*$A118*(1-C$3/C$1*$A118)) -> 0.60170019
A119: =+$A118+$A$3 -> 11.4 | B119: =+$A119/$C$1 -> 0.43846154 | C119: =+SQRT(1-C$2/C$1*$A119*(1-C$3/C$1*$A119)) -> 0.6009812
A120: =+$A119+$A$3 -> 11.5 | B120: =+$A120/$C$1 -> 0.44230769 | C120: =+SQRT(1-C$2/C$1*$A120*(1-C$3/C$1*$A120)) -> 0.60033121
A121: =+$A120+$A$3 -> 11.6 | B121: =+$A121/$C$1 -> 0.44615385 | C121: =+SQRT(1-C$2/C$1*$A121*(1-C$3/C$1*$A121)) -> 0.59975044
A122: =+$A121+$A$3 -> 11.7 | B122: =+$A122/$C$1 -> 0.45 | C122: =+SQRT(1-C$2/C$1*$A122*(1-C$3/C$1*$A122)) -> 0.5992391
A123: =+$A122+$A$3 -> 11.8 | B123: =+$A123/$C$1 -> 0.45384615 | C123: =+SQRT(1-C$2/C$1*$A123*(1-C$3/C$1*$A123)) -> 0.59879736
A124: =+$A123+$A$3 -> 11.9 | B124: =+$A124/$C$1 -> 0.45769231 | C124: =+SQRT(1-C$2/C$1*$A124*(1-C$3/C$1*$A124)) -> 0.59842539
A125: =+$A124+$A$3 -> 12 | B125: =+$A125/$C$1 -> 0.46153846 | C125: =+SQRT(1-C$2/C$1*$A125*(1-C$3/C$1*$A125)) -> 0.5981233
A126: =+$A125+$A$3 -> 12.1 | B126: =+$A126/$C$1 -> 0.46538462 | C126: =+SQRT(1-C$2/C$1*$A126*(1-C$3/C$1*$A126)) -> 0.5978912
A127: =+$A126+$A$3 -> 12.2 | B127: =+$A127/$C$1 -> 0.46923077 | C127: =+SQRT(1-C$2/C$1*$A127*(1-C$3/C$1*$A127)) -> 0.59772918
... A155: =+$A154+$A$3 -> 15 | B155: =+$A155/$C$1 -> 0.57692308 | C155: =+SQRT(1-C$2/C$1*$A155*(1-C$3/C$1*$A155)) -> 0.62121636
A156: =+$A155+$A$3 -> 15.1
A157: =+$A156+$A$3 -> 15.2
A158: =+$A157+$A$3 -> 15.3
A159: =+$A158+$A$3 -> 15.4
A160: =+$A159+$A$3 -> 15.5
A161: =+$A160+$A$3 -> 15.6
A162: =+$A161+$A$3 -> 15.7
A163: =+$A162+$A$3 -> 15.8
A164: =+$A163+$A$3 -> 15.9
A165: =+$A164+$A$3 -> 16
A166: =+$A165+$A$3 -> 16.1
A167: =+$A166+$A$3 -> 16.2
... A202: =+$A201+$A$3 -> 19.7
